"","Gene stable ID"
"1","ENSG00000094631"
"2","ENSG00000233312"
"3","ENSG00000276276"
"4","ENSG00000275748"
"5","ENSG00000228696"
"6","ENSG00000185829"
"7","ENSG00000087470"
"8","ENSG00000183098"
"9","ENSG00000152767"
"10","ENSG00000179981"
"11","ENSG00000137845"
"12","ENSG00000164885"
"13","ENSG00000133318"
"14","ENSG00000064687"
"15","ENSG00000184258"
"16","ENSG00000262655"
"17","ENSG00000130204"
"18","ENSG00000185043"
"19","ENSG00000276184"
"20","ENSG00000243566"
"21","ENSG00000121774"
"22","ENSG00000149187"
"23","ENSG00000048740"
"24","ENSG00000177143"
"25","ENSG00000087237"
"26","ENSG00000036530"
"27","ENSG00000109819"
"28","ENSG00000134308"
"29","ENSG00000073712"
"30","ENSG00000135094"
"31","ENSG00000070748"
"32","ENSG00000171368"
"33","ENSG00000146670"
"34","ENSG00000101204"
"35","ENSG00000175344"
"36","ENSG00000274542"
"37","ENSG00000282088"
"38","ENSG00000160716"
"39","ENSG00000108018"
"40","ENSG00000079156"
"41","ENSG00000120885"
"42","ENSG00000196136"
"43","ENSG00000166340"
"44","ENSG00000188906"
"45","ENSG00000104853"
"46","ENSG00000262139"
"47","ENSG00000151572"
"48","ENSG00000140090"
"49","ENSG00000160791"
"50","ENSG00000144648"
"51","ENSG00000188822"
"52","ENSG00000093010"
"53","ENSG00000205359"
"54","ENSG00000128271"
"55","ENSG00000176340"
"56","ENSG00000047457"
"57","ENSG00000156170"
"58","ENSG00000203710"
"59","ENSG00000118260"
"60","ENSG00000005339"
"61","ENSG00000147571"
"62","ENSG00000072832"
"63","ENSG00000132693"
"64","ENSG00000109846"
"65","ENSG00000143799"
"66","ENSG00000112062"
"67","ENSG00000164400"
"68","ENSG00000101439"
"69","ENSG00000066032"
"70","ENSG00000168036"
"71","ENSG00000164733"
"72","ENSG00000285132"
"73","ENSG00000117984"
"74","ENSG00000163803"
"75","ENSG00000115841"
"76","ENSG00000188580"
"77","ENSG00000272532"
"78","ENSG00000275211"
"79","ENSG00000100197"
"80","ENSG00000280905"
"81","ENSG00000282966"
"82","ENSG00000283284"
"83","ENSG00000137869"
"84","ENSG00000183020"
"85","ENSG00000280759"
"86","ENSG00000281385"
"87","ENSG00000196730"
"88","ENSG00000150667"
"89","ENSG00000113758"
"90","ENSG00000159640"
"91","ENSG00000172869"
"92","ENSG00000104325"
"93","ENSG00000164619"
"94","ENSG00000107249"
"95","ENSG00000116133"
"96","ENSG00000132535"
"97","ENSG00000119689"
"98","ENSG00000204305"
"99","ENSG00000206320"
"100","ENSG00000229058"
"101","ENSG00000231268"
"102","ENSG00000230514"
"103","ENSG00000234729"
"104","ENSG00000237405"
"105","ENSG00000079805"
"106","ENSG00000092964"
"107","ENSG00000159200"
"108","ENSG00000135744"
"109","ENSG00000157540"
"110","ENSG00000117298"
"111","ENSG00000165029"
"112","ENSG00000101210"
"113","ENSG00000120738"
"114","ENSG00000203805"
"115","ENSG00000134001"
"116","ENSG00000151247"
"117","ENSG00000277571"
"118","ENSG00000197561"
"119","ENSG00000175899"
"120","ENSG00000107331"
"121","ENSG00000072518"
"122","ENSG00000074800"
"123","ENSG00000111674"
"124","ENSG00000147894"
"125","ENSG00000146904"
"126","ENSG00000284816"
"127","ENSG00000133216"
"128","ENSG00000091831"
"129","ENSG00000140009"
"130","ENSG00000157557"
"131","ENSG00000163631"
"132","ENSG00000180210"
"133","ENSG00000111275"
"134","ENSG00000144554"
"135","ENSG00000120899"
"136","ENSG00000150676"
"137","ENSG00000160339"
"138","ENSG00000113578"
"139","ENSG00000107984"
"140","ENSG00000157212"
"141","ENSG00000041515"
"142","ENSG00000188994"
"143","ENSG00000183580"
"144","ENSG00000117523"
"145","ENSG00000182621"
"146","ENSG00000198576"
"147","ENSG00000038532"
"148","ENSG00000113645"
"149","ENSG00000164398"
"150","ENSG00000162736"
"151","ENSG00000142082"
"152","ENSG00000096717"
"153","ENSG00000107130"
"154","ENSG00000120948"
"155","ENSG00000123415"
"156","ENSG00000035664"
"157","ENSG00000198087"
"158","ENSG00000186318"
"159","ENSG00000213024"
"160","ENSG00000105223"
"161","ENSG00000198691"
"162","ENSG00000012779"
"163","ENSG00000275565"
"164","ENSG00000256762"
"165","ENSG00000281139"
"166","ENSG00000198793"
"167","ENSG00000010810"
"168","ENSG00000185933"
"169","ENSG00000154727"
"170","ENSG00000182256"
"171","ENSG00000115828"
"172","ENSG00000182240"
"173","ENSG00000120254"
"174","ENSG00000172020"
"175","ENSG00000111640"
"176","ENSG00000100991"
"177","ENSG00000102145"
"178","ENSG00000105679"
"179","ENSG00000115263"
"180","ENSG00000137880"
"181","ENSG00000168621"
"182","ENSG00000159461"
"183","ENSG00000131095"
"184","ENSG00000259384"
"185","ENSG00000171408"
"186","ENSG00000163106"
"187","ENSG00000090905"
"188","ENSG00000288130"
"189","ENSG00000102290"
"190","ENSG00000136717"
"191","ENSG00000104866"
"192","ENSG00000179846"
"193","ENSG00000155511"
"194","ENSG00000120251"
"195","ENSG00000030582"
"196","ENSG00000136261"
"197","ENSG00000273079"
"198","ENSG00000113580"
"199","ENSG00000183230"
"200","ENSG00000164082"
"201","ENSG00000168959"
"202","ENSG00000082701"
"203","ENSG00000148180"
"204","ENSG00000104687"
"205","ENSG00000110768"
"206","ENSG00000288114"
"207","ENSG00000188677"
"208","ENSG00000142224"
"209","ENSG00000135018"
"210","ENSG00000100453"
"211","ENSG00000135046"
"212","ENSG00000072506"
"213","ENSG00000161610"
"214","ENSG00000000971"
"215","ENSG00000010704"
"216","ENSG00000157168"
"217","ENSG00000198502"
"218","ENSG00000113161"
"219","ENSG00000137309"
"220","ENSG00000100292"
"221","ENSG00000276497"
"222","ENSG00000107282"
"223","ENSG00000166313"
"224","ENSG00000163697"
"225","ENSG00000117594"
"226","ENSG00000185122"
"227","ENSG00000284774"
"228","ENSG00000234475"
"229","ENSG00000215328"
"230","ENSG00000204389"
"231","ENSG00000237724"
"232","ENSG00000235941"
"233","ENSG00000231555"
"234","ENSG00000212866"
"235","ENSG00000204388"
"236","ENSG00000224501"
"237","ENSG00000232804"
"238","ENSG00000170606"
"239","ENSG00000044574"
"240","ENSG00000106211"
"241","ENSG00000080824"
"242","ENSG00000144381"
"243","ENSG00000105290"
"244","ENSG00000142798"
"245","ENSG00000084234"
"246","ENSG00000118137"
"247","ENSG00000102468"
"248","ENSG00000121351"
"249","ENSG00000084674"
"250","ENSG00000187398"
"251","ENSG00000130208"
"252","ENSG00000119912"
"253","ENSG00000166948"
"254","ENSG00000234602"
"255","ENSG00000111537"
"256","ENSG00000189058"
"257","ENSG00000017427"
"258","ENSG00000130203"
"259","ENSG00000140443"
"260","ENSG00000167244"
"261","ENSG00000197081"
"262","ENSG00000099769"
"263","ENSG00000146674"
"264","ENSG00000142192"
"265","ENSG00000026103"
"266","ENSG00000104365"
"267","ENSG00000115008"
"268","ENSG00000125538"
"269","ENSG00000136689"
"270","ENSG00000113520"
"271","ENSG00000136244"
"272","ENSG00000160712"
"273","ENSG00000169429"
"274","ENSG00000136634"
"275","ENSG00000168811"
"276","ENSG00000150782"
"277","ENSG00000171885"
"278","ENSG00000254647"
"279","ENSG00000168918"
"280","ENSG00000281614"
"281","ENSG00000171105"
"282","ENSG00000169047"
"283","ENSG00000169083"
"284","ENSG00000169896"
"285","ENSG00000177272"
"286","ENSG00000170085"
"287","ENSG00000080709"
"288","ENSG00000075239"
"289","ENSG00000161929"
"290","ENSG00000058085"
"291","ENSG00000168028"
"292","ENSG00000148346"
"293","ENSG00000130164"
"294","ENSG00000174697"
"295","ENSG00000224310"
"296","ENSG00000198670"
"297","ENSG00000175445"
"298","ENSG00000123384"
"299","ENSG00000119681"
"300","ENSG00000187244"
"301","ENSG00000189221"
"302","ENSG00000069535"
"303","ENSG00000078018"
"304","ENSG00000277956"
"305","ENSG00000186868"
"306","ENSG00000276155"
"307","ENSG00000172493"
"308","ENSG00000087085"
"309","ENSG00000151623"
"310","ENSG00000196549"
"311","ENSG00000149968"
"312","ENSG00000100985"
"313","ENSG00000020426"
"314","ENSG00000168314"
"315","ENSG00000005381"
"316","ENSG00000157654"
"317","ENSG00000125148"
"318","ENSG00000087250"
"319","ENSG00000198804"
"320","ENSG00000198712"
"321","ENSG00000177000"
"322","ENSG00000128272"
"323","ENSG00000277586"
"324","ENSG00000116044"
"325","ENSG00000141905"
"326","ENSG00000109320"
"327","ENSG00000134259"
"328","ENSG00000064300"
"329","ENSG00000089250"
"330","ENSG00000007171"
"331","ENSG00000164867"
"332","ENSG00000122585"
"333","ENSG00000141458"
"334","ENSG00000185652"
"335","ENSG00000148053"
"336","ENSG00000105953"
"337","ENSG00000173391"
"338","ENSG00000152234"
"339","ENSG00000106366"
"340","ENSG00000177425"
"341","ENSG00000069482"
"342","ENSG00000176623"
"343","ENSG00000078808"
"344","ENSG00000132912"
"345","ENSG00000108798"
"346","ENSG00000110079"
"347","ENSG00000158987"
"348","ENSG00000132386"
"349","ENSG00000282307"
"350","ENSG00000085563"
"351","ENSG00000277377"
"352","ENSG00000197249"
"353","ENSG00000121879"
"354","ENSG00000051382"
"355","ENSG00000171608"
"356","ENSG00000105851"
"357","ENSG00000127445"
"358","ENSG00000262785"
"359","ENSG00000143627"
"360","ENSG00000170890"
"361","ENSG00000188257"
"362","ENSG00000116711"
"363","ENSG00000122861"
"364","ENSG00000197943"
"365","ENSG00000122194"
"366","ENSG00000100979"
"367","ENSG00000165240"
"368","ENSG00000123191"
"369","ENSG00000186088"
"370","ENSG00000095970"
"371","ENSG00000062822"
"372","ENSG00000005421"
"373","ENSG00000106460"
"374","ENSG00000132170"
"375","ENSG00000197410"
"376","ENSG00000284227"
"377","ENSG00000141376"
"378","ENSG00000145996"
"379","ENSG00000078487"
"380","ENSG00000137824"
"381","ENSG00000119383"
"382","ENSG00000152953"
"383","ENSG00000147642"
"384","ENSG00000152683"
"385","ENSG00000151474"
"386","ENSG00000088298"
"387","ENSG00000100030"
"388","ENSG00000102882"
"389","ENSG00000107643"
"390","ENSG00000055332"
"391","ENSG00000171867"
"392","ENSG00000189056"
"393","ENSG00000080815"
"394","ENSG00000143801"
"395","ENSG00000155816"
"396","ENSG00000131096"
"397","ENSG00000158985"
"398","ENSG00000087589"
"399","ENSG00000095303"
"400","ENSG00000073756"
"401","ENSG00000092421"
"402","ENSG00000137727"
"403","ENSG00000154447"
"404","ENSG00000171724"
"405","ENSG00000132670"
"406","ENSG00000144724"
"407","ENSG00000087088"
"408","ENSG00000165553"
"409","ENSG00000130202"
"410","ENSG00000144566"
"411","ENSG00000080823"
"412","ENSG00000114200"
"413","ENSG00000171791"
"414","ENSG00000075624"
"415","ENSG00000069399"
"416","ENSG00000131558"
"417","ENSG00000047936"
"418","ENSG00000176697"
"419","ENSG00000134243"
"420","ENSG00000160307"
"421","ENSG00000108691"
"422","ENSG00000108578"
"423","ENSG00000110077"
"424","ENSG00000214787"
"425","ENSG00000106605"
"426","ENSG00000183117"
"427","ENSG00000073849"
"428","ENSG00000158828"
"429","ENSG00000110436"
"430","ENSG00000040608"
"431","ENSG00000181856"
"432","ENSG00000288174"
"433","ENSG00000142319"
"434","ENSG00000276996"
"435","ENSG00000108576"
"436","ENSG00000132639"
"437","ENSG00000145335"
"438","ENSG00000057252"
"439","ENSG00000142168"
"440","ENSG00000112096"
"441","ENSG00000285441"
"442","ENSG00000137642"
"443","ENSG00000151914"
"444","ENSG00000139618"
"445","ENSG00000157005"
"446","ENSG00000168610"
"447","ENSG00000102003"
"448","ENSG00000091513"
"449","ENSG00000108064"
"450","ENSG00000135457"
"451","ENSG00000160182"
"452","ENSG00000105329"
"453","ENSG00000180176"
"454","ENSG00000100300"
"455","ENSG00000154096"
"456","ENSG00000137462"
"457","ENSG00000136869"
"458","ENSG00000232810"
"459","ENSG00000228321"
"460","ENSG00000223952"
"461","ENSG00000204490"
"462","ENSG00000206439"
"463","ENSG00000230108"
"464","ENSG00000228978"
"465","ENSG00000228849"
"466","ENSG00000067182"
"467","ENSG00000141510"
"468","ENSG00000111669"
"469","ENSG00000125730"
"470","ENSG00000206340"
"471","ENSG00000244731"
"472","ENSG00000227746"
"473","ENSG00000244207"
"474","ENSG00000224639"
"475","ENSG00000228454"
"476","ENSG00000228267"
"477","ENSG00000224389"
"478","ENSG00000236625"
"479","ENSG00000129965"
"480","ENSG00000118271"
"481","ENSG00000239642"
"482","ENSG00000170315"
"483","ENSG00000154277"
"484","ENSG00000152818"
"485","ENSG00000213585"
"486","ENSG00000111424"
"487","ENSG00000112715"
"488","ENSG00000147852"
"489","ENSG00000163032"
"490","ENSG00000164924"
"491","ENSG00000104154"
"492","ENSG00000230456"
"493","ENSG00000137332"
"494","ENSG00000229767"
"495","ENSG00000234078"
"496","ENSG00000223680"
"497","ENSG00000215522"
"498","ENSG00000204580"
"499","ENSG00000104327"
"500","ENSG00000173281"
"501","ENSG00000285343"
"502","ENSG00000164512"
"503","ENSG00000165959"
"504","ENSG00000198668"
"505","ENSG00000189120"
"506","ENSG00000143933"
"507","ENSG00000160014"
"508","ENSG00000014216"
"509","ENSG00000073921"
"510","ENSG00000153113"
"511","ENSG00000164305"
"512","ENSG00000138794"
"513","ENSG00000145794"
"514","ENSG00000188517"
"515","ENSG00000036828"
"516","ENSG00000138600"
"517","ENSG00000018510"
"518","ENSG00000139726"
"519","ENSG00000105974"
"520","ENSG00000079102"
"521","ENSG00000182168"
"522","ENSG00000169372"
"523","ENSG00000172340"
"524","ENSG00000136143"
"525","ENSG00000176749"
"526","ENSG00000161011"
"527","ENSG00000284099"
"528","ENSG00000006283"
"529","ENSG00000283632"
"530","ENSG00000121797"
"531","ENSG00000221866"
"532","ENSG00000118596"
"533","ENSG00000121207"
"534","ENSG00000103671"
"535","ENSG00000136156"
"536","ENSG00000105383"
"537","ENSG00000135218"
"538","ENSG00000050438"
"539","ENSG00000101017"
"540","ENSG00000102245"
"541","ENSG00000026508"
"542","ENSG00000217128"
"543","ENSG00000085063"
"544","ENSG00000129226"
"545","ENSG00000147488"
"546","ENSG00000170312"
"547","ENSG00000033327"
"548","ENSG00000116688"
"549","ENSG00000013364"
"550","ENSG00000156006"
"551","ENSG00000220201"
"552","ENSG00000010017"
"553","ENSG00000204403"
"554","ENSG00000115657"
"555","ENSG00000069431"
"556","ENSG00000025434"
"557","ENSG00000138095"
"558","ENSG00000123240"
"559","ENSG00000127914"
"560","ENSG00000135446"
"561","ENSG00000204977"
"562","ENSG00000206379"
"563","ENSG00000232280"
"564","ENSG00000223654"
"565","ENSG00000230143"
"566","ENSG00000137312"
"567","ENSG00000224740"
"568","ENSG00000206480"
"569","ENSG00000236271"
"570","ENSG00000124762"
"571","ENSG00000111276"
"572","ENSG00000274276"
"573","ENSG00000147955"
"574","ENSG00000147889"
"575","ENSG00000117448"
"576","ENSG00000123416"
"577","ENSG00000197381"
"578","ENSG00000164871"
"579","ENSG00000274405"
"580","ENSG00000288309"
"581","ENSG00000197223"
"582","ENSG00000130558"
"583","ENSG00000136235"
"584","ENSG00000276191"
"585","ENSG00000282456"
"586","ENSG00000263715"
"587","ENSG00000120088"
"588","ENSG00000278232"
"589","ENSG00000172216"
"590","ENSG00000221869"
"591","ENSG00000172977"
"592","ENSG00000100591"
"593","ENSG00000262243"
"594","ENSG00000198848"
"595","ENSG00000198408"
"596","ENSG00000132688"
"597","ENSG00000145632"
"598","ENSG00000078295"
"599","ENSG00000105963"
"600","ENSG00000198610"
"601","ENSG00000149554"
"602","ENSG00000133048"
"603","ENSG00000164985"
"604","ENSG00000183765"
"605","ENSG00000188419"
"606","ENSG00000167371"
"607","ENSG00000181072"
"608","ENSG00000080644"
"609","ENSG00000162711"
"610","ENSG00000141446"
"611","ENSG00000166165"
"612","ENSG00000141433"
"613","ENSG00000179826"
"614","ENSG00000179817"
"615","ENSG00000065621"
"616","ENSG00000148700"
"617","ENSG00000004776"
"618","ENSG00000118432"
"619","ENSG00000242689"
"620","ENSG00000168542"
"621","ENSG00000155636"
"622","ENSG00000148926"
"623","ENSG00000173250"
"624","ENSG00000080819"
"625","ENSG00000167193"
"626","ENSG00000184371"
"627","ENSG00000173262"
"628","ENSG00000141551"
"629","ENSG00000167281"
"630","ENSG00000162642"
"631","ENSG00000118523"
"632","ENSG00000175087"
"633","ENSG00000150594"
"634","ENSG00000169862"
"635","ENSG00000179921"
"636","ENSG00000163530"
"637","ENSG00000257923"
"638","ENSG00000168329"
"639","ENSG00000154639"
"640","ENSG00000043591"
"641","ENSG00000169252"
"642","ENSG00000197408"
"643","ENSG00000138109"
"644","ENSG00000173020"
"645","ENSG00000160868"
"646","ENSG00000173406"
"647","ENSG00000123454"
"648","ENSG00000077279"
"649","ENSG00000116717"
"650","ENSG00000175197"
"651","ENSG00000162881"
"652","ENSG00000181019"
"653","ENSG00000091140"
"654","ENSG00000106976"
"655","ENSG00000157766"
"656","ENSG00000113657"
"657","ENSG00000184845"
"658","ENSG00000069696"
"659","ENSG00000276825"
"660","ENSG00000144891"
"661","ENSG00000180772"
"662","ENSG00000101412"
"663","ENSG00000167658"
"664","ENSG00000146648"
"665","ENSG00000106546"
"666","ENSG00000145192"
"667","ENSG00000204472"
"668","ENSG00000235985"
"669","ENSG00000237727"
"670","ENSG00000235588"
"671","ENSG00000206428"
"672","ENSG00000234836"
"673","ENSG00000107105"
"674","ENSG00000111145"
"675","ENSG00000178568"
"676","ENSG00000142208"
"677","ENSG00000181104"
"678","ENSG00000124491"
"679","ENSG00000117480"
"680","ENSG00000160752"
"681","ENSG00000173612"
"682","ENSG00000138685"
"683","ENSG00000091592"
"684","ENSG00000004478"
"685","ENSG00000096060"
"686","ENSG00000068903"
"687","ENSG00000283100"
"688","ENSG00000162105"
"689","ENSG00000065526"
"690","ENSG00000143631"
"691","ENSG00000196924"
"692","ENSG00000125447"
"693","ENSG00000107554"
"694","ENSG00000182253"
"695","ENSG00000115414"
"696","ENSG00000105662"
"697","ENSG00000101126"
"698","ENSG00000167978"
"699","ENSG00000170345"
"700","ENSG00000171517"
"701","ENSG00000171049"
"702","ENSG00000100023"
"703","ENSG00000108839"
"704","ENSG00000165060"
"705","ENSG00000166926"
"706","ENSG00000161905"
"707","ENSG00000097007"
"708","ENSG00000128683"
"709","ENSG00000148337"
"710","ENSG00000034677"
"711","ENSG00000170255"
"712","ENSG00000163659"
"713","ENSG00000157500"
"714","ENSG00000004142"
"715","ENSG00000100083"
"716","ENSG00000123505"
"717","ENSG00000262446"
"718","ENSG00000177628"
"719","ENSG00000159224"
"720","ENSG00000152661"
"721","ENSG00000168995"
"722","ENSG00000162946"
"723","ENSG00000170266"
"724","ENSG00000078053"
"725","ENSG00000144642"
"726","ENSG00000102109"
"727","ENSG00000100359"
"728","ENSG00000124767"
"729","ENSG00000112164"
"730","ENSG00000115317"
"731","ENSG00000135821"
"732","ENSG00000175164"
"733","ENSG00000281879"
"734","ENSG00000063660"
"735","ENSG00000214274"
"736","ENSG00000275555"
"737","ENSG00000198719"
"738","ENSG00000029534"
"739","ENSG00000177885"
"740","ENSG00000176884"
"741","ENSG00000183454"
"742","ENSG00000103490"
"743","ENSG00000134184"
"744","ENSG00000134202"
"745","ENSG00000084207"
"746","ENSG00000277656"
"747","ENSG00000103319"
"748","ENSG00000284161"
"749","ENSG00000180353"
"750","ENSG00000197386"
"751","ENSG00000196591"
"752","ENSG00000164111"
"753","ENSG00000242950"
"754","ENSG00000115041"
"755","ENSG00000152804"
"756","ENSG00000197043"
"757","ENSG00000078140"
"758","ENSG00000231834"
"759","ENSG00000235657"
"760","ENSG00000224320"
"761","ENSG00000223980"
"762","ENSG00000227715"
"763","ENSG00000206505"
"764","ENSG00000206503"
"765","ENSG00000229215"
"766","ENSG00000196126"
"767","ENSG00000206306"
"768","ENSG00000229074"
"769","ENSG00000228080"
"770","ENSG00000206240"
"771","ENSG00000236884"
"772","ENSG00000277424"
"773","ENSG00000103415"
"774","ENSG00000135486"
"775","ENSG00000134982"
"776","ENSG00000257017"
"777","ENSG00000132703"
"778","ENSG00000107521"
"779","ENSG00000109971"
"780","ENSG00000113013"
"781","ENSG00000170276"
"782","ENSG00000178394"
"783","ENSG00000147246"
"784","ENSG00000164270"
"785","ENSG00000158748"
"786","ENSG00000110244"
"787","ENSG00000090339"
"788","ENSG00000234906"
"789","ENSG00000106384"
"790","ENSG00000198739"
"791","ENSG00000198931"
"792","ENSG00000109471"
"793","ENSG00000100385"
"794","ENSG00000134352"
"795","ENSG00000145839"
"796","ENSG00000180871"
"797","ENSG00000240583"
"798","ENSG00000124334"
"799","ENSG00000169194"
"800","ENSG00000112115"
"801","ENSG00000140678"
"802","ENSG00000072778"
"803","ENSG00000096433"
"804","ENSG00000096968"
"805","ENSG00000197448"
"806","ENSG00000188157"
"807","ENSG00000113889"
"808","ENSG00000126214"
"809","ENSG00000254636"
"810","ENSG00000185896"
"811","ENSG00000117632"
"812","ENSG00000138039"
"813","ENSG00000128342"
"814","ENSG00000107798"
"815","ENSG00000113368"
"816","ENSG00000113441"
"817","ENSG00000081479"
"818","ENSG00000070018"
"819","ENSG00000281324"
"820","ENSG00000133794"
"821","ENSG00000198997"
"822","ENSG00000207604"
"823","ENSG00000267195"
"824","ENSG00000120500"
"825","ENSG00000284203"
"826","ENSG00000284214"
"827","ENSG00000141480"
"828","ENSG00000101846"
"829","ENSG00000116141"
"830","ENSG00000197971"
"831","ENSG00000117335"
"832","ENSG00000081189"
"833","ENSG00000106511"
"834","ENSG00000163975"
"835","ENSG00000128268"
"836","ENSG00000240972"
"837","ENSG00000276701"
"838","ENSG00000087245"
"839","ENSG00000128829"
"840","ENSG00000199082"
"841","ENSG00000136997"
"842","ENSG00000103274"
"843","ENSG00000149311"
"844","ENSG00000111859"
"845","ENSG00000101096"
"846","ENSG00000162599"
"847","ENSG00000100968"
"848","ENSG00000285485"
"849","ENSG00000147862"
"850","ENSG00000008441"
"851","ENSG00000122729"
"852","ENSG00000148400"
"853","ENSG00000074181"
"854","ENSG00000204301"
"855","ENSG00000206312"
"856","ENSG00000232339"
"857","ENSG00000223355"
"858","ENSG00000238196"
"859","ENSG00000235396"
"860","ENSG00000234876"
"861","ENSG00000175206"
"862","ENSG00000110911"
"863","ENSG00000198400"
"864","ENSG00000101188"
"865","ENSG00000284231"
"866","ENSG00000115758"
"867","ENSG00000114026"
"868","ENSG00000116329"
"869","ENSG00000100412"
"870","ENSG00000089041"
"871","ENSG00000175591"
"872","ENSG00000185624"
"873","ENSG00000100078"
"874","ENSG00000117450"
"875","ENSG00000149269"
"876","ENSG00000185345"
"877","ENSG00000124253"
"878","ENSG00000117362"
"879","ENSG00000132646"
"880","ENSG00000284024"
"881","ENSG00000187522"
"882","ENSG00000135052"
"883","ENSG00000086288"
"884","ENSG00000065989"
"885","ENSG00000167157"
"886","ENSG00000132196"
"887","ENSG00000152256"
"888","ENSG00000186153"
"889","ENSG00000261371"
"890","ENSG00000178372"
"891","ENSG00000239756"
"892","ENSG00000225553"
"893","ENSG00000112511"
"894","ENSG00000129219"
"895","ENSG00000167711"
"896","ENSG00000276838"
"897","ENSG00000239732"
"898","ENSG00000070501"
"899","ENSG00000115138"
"900","ENSG00000105854"
"901","ENSG00000105852"
"902","ENSG00000143190"
"903","ENSG00000168209"
"904","ENSG00000186951"
"905","ENSG00000184840"
"906","ENSG00000205413"
"907","ENSG00000171497"
"908","ENSG00000108849"
"909","ENSG00000132356"
"910","ENSG00000162409"
"911","ENSG00000111725"
"912","ENSG00000108946"
"913","ENSG00000069329"
"914","ENSG00000076641"
"915","ENSG00000205155"
"916","ENSG00000109339"
"917","ENSG00000169032"
"918","ENSG00000126934"
"919","ENSG00000167755"
"920","ENSG00000166033"
"921","ENSG00000115946"
"922","ENSG00000104888"
"923","ENSG00000090097"
"924","ENSG00000156273"
"925","ENSG00000090674"
"926","ENSG00000011304"
"927","ENSG00000107262"
"928","ENSG00000107317"
"929","ENSG00000125384"
"930","ENSG00000165795"
"931","ENSG00000081237"
"932","ENSG00000262418"
"933","ENSG00000105649"
"934","ENSG00000168118"
"935","ENSG00000136238"
"936","ENSG00000133067"
"937","ENSG00000102076"
"938","ENSG00000143839"
"939","ENSG00000102032"
"940","ENSG00000084093"
"941","ENSG00000137154"
"942","ENSG00000108443"
"943","ENSG00000186350"
"944","ENSG00000198838"
"945","ENSG00000160678"
"946","ENSG00000163220"
"947","ENSG00000243570"
"948","ENSG00000241253"
"949","ENSG00000241534"
"950","ENSG00000239754"
"951","ENSG00000204359"
"952","ENSG00000243649"
"953","ENSG00000242335"
"954","ENSG00000099194"
"955","ENSG00000278567"
"956","ENSG00000274221"
"957","ENSG00000277632"
"958","ENSG00000274233"
"959","ENSG00000271503"
"960","ENSG00000172156"
"961","ENSG00000006210"
"962","ENSG00000107562"
"963","ENSG00000128594"
"964","ENSG00000172350"
"965","ENSG00000119335"
"966","ENSG00000161547"
"967","ENSG00000129214"
"968","ENSG00000111728"
"969","ENSG00000060237"
"970","ENSG00000117394"
"971","ENSG00000125378"
"972","ENSG00000103546"
"973","ENSG00000178287"
"974","ENSG00000285507"
"975","ENSG00000074317"
"976","ENSG00000173267"
"977","ENSG00000185591"
"978","ENSG00000197912"
"979","ENSG00000012048"
"980","ENSG00000135250"
"981","ENSG00000172270"
"982","ENSG00000008056"
"983","ENSG00000151694"
"984","ENSG00000228582"
"985","ENSG00000204267"
"986","ENSG00000206299"
"987","ENSG00000237599"
"988","ENSG00000225967"
"989","ENSG00000206235"
"990","ENSG00000232326"
"991","ENSG00000223481"
"992","ENSG00000198650"
"993","ENSG00000112592"
"994","ENSG00000167815"
"995","ENSG00000119699"
"996","ENSG00000163513"
"997","ENSG00000092295"
"998","ENSG00000285348"
"999","ENSG00000198959"
"1000","ENSG00000102265"
"1001","ENSG00000035862"
"1002","ENSG00000149131"
"1003","ENSG00000028137"
"1004","ENSG00000078900"
"1005","ENSG00000226560"
"1006","ENSG00000206372"
"1007","ENSG00000231543"
"1008","ENSG00000235017"
"1009","ENSG00000204364"
"1010","ENSG00000166278"
"1011","ENSG00000235696"
"1012","ENSG00000103197"
"1013","ENSG00000137561"
"1014","ENSG00000197405"
"1015","ENSG00000196604"
"1016","ENSG00000198431"
"1017","ENSG00000011600"
"1018","ENSG00000116030"
"1019","ENSG00000148154"
"1020","ENSG00000131408"
"1021","ENSG00000158773"
"1022","ENSG00000162692"
"1023","ENSG00000165280"
"1024","ENSG00000026025"
"1025","ENSG00000100219"
"1026","ENSG00000047597"
"1027","ENSG00000108039"
"1028","ENSG00000100811"
"1029","ENSG00000170385"
"1030","ENSG00000115194"
"1031","ENSG00000121966"
"1032","ENSG00000140718"
"1033","ENSG00000142606"
"1034","ENSG00000277131"
"1035","ENSG00000146070"
"1036","ENSG00000185803"
"1037","ENSG00000285112"
"1038","ENSG00000106305"
"1039","ENSG00000108406"
"1040","ENSG00000181090"
"1041","ENSG00000112195"
"1042","ENSG00000119508"
"1043","ENSG00000068120"
"1044","ENSG00000182871"
"1045","ENSG00000198908"
"1046","ENSG00000179218"
"1047","ENSG00000070808"
"1048","ENSG00000101294"
"1049","ENSG00000174804"
"1050","ENSG00000137752"
"1051","ENSG00000138613"
"1052","ENSG00000138639"
"1053","ENSG00000184381"
"1054","ENSG00000064012"
"1055","ENSG00000131771"
"1056","ENSG00000162298"
"1057","ENSG00000166847"
"1058","ENSG00000146216"
"1059","ENSG00000123179"
"1060","ENSG00000147162"
"1061","ENSG00000154127"
"1062","ENSG00000167654"
"1063","ENSG00000110514"
"1064","ENSG00000088247"
"1065","ENSG00000073282"
"1066","ENSG00000025423"
"1067","ENSG00000138735"
"1068","ENSG00000126581"
"1069","ENSG00000102871"
"1070","ENSG00000121858"
"1071","ENSG00000160200"
"1072","ENSG00000090621"
"1073","ENSG00000144852"
"1074","ENSG00000159082"
"1075","ENSG00000067798"
"1076","ENSG00000166664"
"1077","ENSG00000275917"
"1078","ENSG00000173805"
"1079","ENSG00000127533"
"1080","ENSG00000138135"
"1081","ENSG00000137033"
"1082","ENSG00000143324"
"1083","ENSG00000148824"
"1084","ENSG00000178860"
"1085","ENSG00000170458"
"1086","ENSG00000138398"
"1087","ENSG00000133116"
"1088","ENSG00000178741"
"1089","ENSG00000100351"
"1090","ENSG00000118777"
"1091","ENSG00000112282"
"1092","ENSG00000148834"
"1093","ENSG00000172071"
"1094","ENSG00000121653"
"1095","ENSG00000148344"
"1096","ENSG00000011132"
"1097","ENSG00000122958"
"1098","ENSG00000134852"
"1099","ENSG00000117592"
"1100","ENSG00000160179"
"1101","ENSG00000167749"
"1102","ENSG00000110848"
"1103","ENSG00000176406"
"1104","ENSG00000068024"
"1105","ENSG00000143257"
"1106","ENSG00000039068"
"1107","ENSG00000170558"
"1108","ENSG00000136807"
"1109","ENSG00000105388"
"1110","ENSG00000165410"
"1111","ENSG00000001626"
"1112","ENSG00000276781"
"1113","ENSG00000100604"
"1114","ENSG00000089199"
"1115","ENSG00000168539"
"1116","ENSG00000114737"
"1117","ENSG00000109572"
"1118","ENSG00000013441"
"1119","ENSG00000261893"
"1120","ENSG00000176444"
"1121","ENSG00000112486"
"1122","ENSG00000174600"
"1123","ENSG00000023839"
"1124","ENSG00000173786"
"1125","ENSG00000206290"
"1126","ENSG00000227801"
"1127","ENSG00000235708"
"1128","ENSG00000223699"
"1129","ENSG00000204248"
"1130","ENSG00000230930"
"1131","ENSG00000232541"
"1132","ENSG00000136868"
"1133","ENSG00000006695"
"1134","ENSG00000014919"
"1135","ENSG00000153002"
"1136","ENSG00000109472"
"1137","ENSG00000120054"
"1138","ENSG00000115966"
"1139","ENSG00000182578"
"1140","ENSG00000108342"
"1141","ENSG00000101266"
"1142","ENSG00000038427"
"1143","ENSG00000170367"
"1144","ENSG00000175315"
"1145","ENSG00000150281"
"1146","ENSG00000143387"
"1147","ENSG00000163131"
"1148","ENSG00000101160"
"1149","ENSG00000165168"
"1150","ENSG00000140505"
"1151","ENSG00000165841"
"1152","ENSG00000160882"
"1153","ENSG00000179142"
"1154","ENSG00000148795"
"1155","ENSG00000135929"
"1156","ENSG00000206279"
"1157","ENSG00000206206"
"1158","ENSG00000227046"
"1159","ENSG00000231617"
"1160","ENSG00000204209"
"1161","ENSG00000229396"
"1162","ENSG00000011465"
"1163","ENSG00000151632"
"1164","ENSG00000180096"
"1165","ENSG00000211452"
"1166","ENSG00000211448"
"1167","ENSG00000075711"
"1168","ENSG00000082458"
"1169","ENSG00000198947"
"1170","ENSG00000137090"
"1171","ENSG00000130816"
"1172","ENSG00000134516"
"1173","ENSG00000197635"
"1174","ENSG00000149295"
"1175","ENSG00000151577"
"1176","ENSG00000111676"
"1177","ENSG00000134760"
"1178","ENSG00000046604"
"1179","ENSG00000139318"
"1180","ENSG00000107404"
"1181","ENSG00000078401"
"1182","ENSG00000138798"
"1183","ENSG00000122877"
"1184","ENSG00000130741"
"1185","ENSG00000161960"
"1186","ENSG00000156976"
"1187","ENSG00000187840"
"1188","ENSG00000110321"
"1189","ENSG00000162374"
"1190","ENSG00000134531"
"1191","ENSG00000085733"
"1192","ENSG00000288401"
"1193","ENSG00000138792"
"1194","ENSG00000100393"
"1195","ENSG00000116106"
"1196","ENSG00000154928"
"1197","ENSG00000130427"
"1198","ENSG00000187266"
"1199","ENSG00000141736"
"1200","ENSG00000157554"
"1201","ENSG00000106462"
"1202","ENSG00000164251"
"1203","ENSG00000057593"
"1204","ENSG00000088926"
"1205","ENSG00000143278"
"1206","ENSG00000121769"
"1207","ENSG00000171634"
"1208","ENSG00000221829"
"1209","ENSG00000169710"
"1210","ENSG00000083857"
"1211","ENSG00000149534"
"1212","ENSG00000203747"
"1213","ENSG00000162747"
"1214","ENSG00000182511"
"1215","ENSG00000102466"
"1216","ENSG00000068078"
"1217","ENSG00000115641"
"1218","ENSG00000088832"
"1219","ENSG00000111206"
"1220","ENSG00000150907"
"1221","ENSG00000118689"
"1222","ENSG00000136068"
"1223","ENSG00000037280"
"1224","ENSG00000102081"
"1225","ENSG00000086205"
"1226","ENSG00000125740"
"1227","ENSG00000111816"
"1228","ENSG00000170820"
"1229","ENSG00000232632"
"1230","ENSG00000206466"
"1231","ENSG00000204681"
"1232","ENSG00000237112"
"1233","ENSG00000206511"
"1234","ENSG00000237051"
"1235","ENSG00000232569"
"1236","ENSG00000262473"
"1237","ENSG00000159131"
"1238","ENSG00000127554"
"1239","ENSG00000151892"
"1240","ENSG00000146013"
"1241","ENSG00000100031"
"1242","ENSG00000286070"
"1243","ENSG00000121634"
"1244","ENSG00000111087"
"1245","ENSG00000197045"
"1246","ENSG00000127955"
"1247","ENSG00000111664"
"1248","ENSG00000167110"
"1249","ENSG00000105220"
"1250","ENSG00000282019"
"1251","ENSG00000181408"
"1252","ENSG00000091879"
"1253","ENSG00000198873"
"1254","ENSG00000167701"
"1255","ENSG00000151150"
"1256","ENSG00000125675"
"1257","ENSG00000149403"
"1258","ENSG00000151729"
"1259","ENSG00000163739"
"1260","ENSG00000170180"
"1261","ENSG00000250361"
"1262","ENSG00000197465"
"1263","ENSG00000063854"
"1264","ENSG00000138796"
"1265","ENSG00000170445"
"1266","ENSG00000196565"
"1267","ENSG00000137252"
"1268","ENSG00000116478"
"1269","ENSG00000140287"
"1270","ENSG00000019991"
"1271","ENSG00000100644"
"1272","ENSG00000127946"
"1273","ENSG00000156515"
"1274","ENSG00000224608"
"1275","ENSG00000232126"
"1276","ENSG00000223532"
"1277","ENSG00000234745"
"1278","ENSG00000228964"
"1279","ENSG00000206450"
"1280","ENSG00000204287"
"1281","ENSG00000206308"
"1282","ENSG00000226260"
"1283","ENSG00000230726"
"1284","ENSG00000227993"
"1285","ENSG00000234794"
"1286","ENSG00000228987"
"1287","ENSG00000227826"
"1288","ENSG00000231021"
"1289","ENSG00000227357"
"1290","ENSG00000233095"
"1291","ENSG00000235346"
"1292","ENSG00000230413"
"1293","ENSG00000237216"
"1294","ENSG00000206506"
"1295","ENSG00000204632"
"1296","ENSG00000276051"
"1297","ENSG00000235680"
"1298","ENSG00000131480"
"1299","ENSG00000189403"
"1300","ENSG00000134240"
"1301","ENSG00000129514"
"1302","ENSG00000125798"
"1303","ENSG00000101076"
"1304","ENSG00000122566"
"1305","ENSG00000121905"
"1306","ENSG00000034053"
"1307","ENSG00000276495"
"1308","ENSG00000164062"
"1309","ENSG00000108786"
"1310","ENSG00000133835"
"1311","ENSG00000023445"
"1312","ENSG00000101966"
"1313","ENSG00000089685"
"1314","ENSG00000158874"
"1315","ENSG00000127415"
"1316","ENSG00000275214"
"1317","ENSG00000165949"
"1318","ENSG00000119917"
"1319","ENSG00000197919"
"1320","ENSG00000233816"
"1321","ENSG00000110245"
"1322","ENSG00000171855"
"1323","ENSG00000146678"
"1324","ENSG00000115461"
"1325","ENSG00000163453"
"1326","ENSG00000142515"
"1327","ENSG00000115594"
"1328","ENSG00000196083"
"1329","ENSG00000117560"
"1330","ENSG00000113302"
"1331","ENSG00000166333"
"1332","ENSG00000131203"
"1333","ENSG00000153487"
"1334","ENSG00000165458"
"1335","ENSG00000136381"
"1336","ENSG00000117595"
"1337","ENSG00000185507"
"1338","ENSG00000276561"
"1339","ENSG00000138448"
"1340","ENSG00000150093"
"1341","ENSG00000259207"
"1342","ENSG00000150995"
"1343","ENSG00000123104"
"1344","ENSG00000177606"
"1345","ENSG00000171223"
"1346","ENSG00000130522"
"1347","ENSG00000158445"
"1348","ENSG00000116396"
"1349","ENSG00000156113"
"1350","ENSG00000282076"
"1351","ENSG00000053918"
"1352","ENSG00000134545"
"1353","ENSG00000138160"
"1354","ENSG00000081181"
"1355","ENSG00000186847"
"1356","ENSG00000067560"
"1357","ENSG00000135862"
"1358","ENSG00000005893"
"1359","ENSG00000129988"
"1360","ENSG00000134333"
"1361","ENSG00000288299"
"1362","ENSG00000113594"
"1363","ENSG00000169756"
"1364","ENSG00000166035"
"1365","ENSG00000160789"
"1366","ENSG00000113083"
"1367","ENSG00000129038"
"1368","ENSG00000163956"
"1369","ENSG00000090382"
"1370","ENSG00000277443"
"1371","ENSG00000175387"
"1372","ENSG00000166963"
"1373","ENSG00000131711"
"1374","ENSG00000151224"
"1375","ENSG00000168906"
"1376","ENSG00000103495"
"1377","ENSG00000165471"
"1378","ENSG00000110492"
"1379","ENSG00000135679"
"1380","ENSG00000068305"
"1381","ENSG00000116604"
"1382","ENSG00000103313"
"1383","ENSG00000105976"
"1384","ENSG00000140545"
"1385","ENSG00000066427"
"1386","ENSG00000171843"
"1387","ENSG00000196611"
"1388","ENSG00000157227"
"1389","ENSG00000236561"
"1390","ENSG00000234623"
"1391","ENSG00000232641"
"1392","ENSG00000237834"
"1393","ENSG00000204655"
"1394","ENSG00000137345"
"1395","ENSG00000234096"
"1396","ENSG00000230885"
"1397","ENSG00000091972"
"1398","ENSG00000178802"
"1399","ENSG00000158887"
"1400","ENSG00000020922"
"1401","ENSG00000278183"
"1402","ENSG00000103222"
"1403","ENSG00000135097"
"1404","ENSG00000175806"
"1405","ENSG00000285250"
"1406","ENSG00000198938"
"1407","ENSG00000100714"
"1408","ENSG00000198888"
"1409","ENSG00000198886"
"1410","ENSG00000168412"
"1411","ENSG00000116984"
"1412","ENSG00000124275"
"1413","ENSG00000146085"
"1414","ENSG00000157601"
"1415","ENSG00000116990"
"1416","ENSG00000172936"
"1417","ENSG00000117601"
"1418","ENSG00000197616"
"1419","ENSG00000140836"
"1420","ENSG00000196586"
"1421","ENSG00000196531"
"1422","ENSG00000154654"
"1423","ENSG00000128609"
"1424","ENSG00000272765"
"1425","ENSG00000273397"
"1426","ENSG00000277365"
"1427","ENSG00000184983"
"1428","ENSG00000281013"
"1429","ENSG00000166136"
"1430","ENSG00000168385"
"1431","ENSG00000104722"
"1432","ENSG00000100285"
"1433","ENSG00000234343"
"1434","ENSG00000184494"
"1435","ENSG00000227315"
"1436","ENSG00000204386"
"1437","ENSG00000227129"
"1438","ENSG00000223957"
"1439","ENSG00000228691"
"1440","ENSG00000234846"
"1441","ENSG00000075673"
"1442","ENSG00000171840"
"1443","ENSG00000239672"
"1444","ENSG00000243678"
"1445","ENSG00000124588"
"1446","ENSG00000198805"
"1447","ENSG00000144061"
"1448","ENSG00000171246"
"1449","ENSG00000078618"
"1450","ENSG00000154146"
"1451","ENSG00000065978"
"1452","ENSG00000133636"
"1453","ENSG00000110713"
"1454","ENSG00000153234"
"1455","ENSG00000105675"
"1456","ENSG00000254550"
"1457","ENSG00000099985"
"1458","ENSG00000036473"
"1459","ENSG00000155463"
"1460","ENSG00000101405"
"1461","ENSG00000169860"
"1462","ENSG00000186912"
"1463","ENSG00000171631"
"1464","ENSG00000089220"
"1465","ENSG00000007372"
"1466","ENSG00000173599"
"1467","ENSG00000183036"
"1468","ENSG00000117266"
"1469","ENSG00000205268"
"1470","ENSG00000100311"
"1471","ENSG00000113721"
"1472","ENSG00000159199"
"1473","ENSG00000136960"
"1474","ENSG00000135390"
"1475","ENSG00000101327"
"1476","ENSG00000181195"
"1477","ENSG00000179094"
"1478","ENSG00000170525"
"1479","ENSG00000154723"
"1480","ENSG00000135919"
"1481","ENSG00000163536"
"1482","ENSG00000078142"
"1483","ENSG00000104368"
"1484","ENSG00000011422"
"1485","ENSG00000115896"
"1486","ENSG00000075651"
"1487","ENSG00000115956"
"1488","ENSG00000166851"
"1489","ENSG00000140464"
"1490","ENSG00000140650"
"1491","ENSG00000116132"
"1492","ENSG00000140521"
"1493","ENSG00000196767"
"1494","ENSG00000235068"
"1495","ENSG00000204531"
"1496","ENSG00000237582"
"1497","ENSG00000233911"
"1498","ENSG00000229094"
"1499","ENSG00000230336"
"1500","ENSG00000206454"
"1501","ENSG00000112033"
"1502","ENSG00000196262"
"1503","ENSG00000166794"
"1504","ENSG00000172531"
"1505","ENSG00000135447"
"1506","ENSG00000101200"
"1507","ENSG00000238104"
"1508","ENSG00000206489"
"1509","ENSG00000204569"
"1510","ENSG00000235291"
"1511","ENSG00000231737"
"1512","ENSG00000230995"
"1513","ENSG00000227804"
"1514","ENSG00000113575"
"1515","ENSG00000156475"
"1516","ENSG00000138814"
"1517","ENSG00000221823"
"1518","ENSG00000131238"
"1519","ENSG00000282673"
"1520","ENSG00000275517"
"1521","ENSG00000251655"
"1522","ENSG00000072062"
"1523","ENSG00000288516"
"1524","ENSG00000142875"
"1525","ENSG00000188191"
"1526","ENSG00000166501"
"1527","ENSG00000171132"
"1528","ENSG00000172179"
"1529","ENSG00000010438"
"1530","ENSG00000127241"
"1531","ENSG00000278624"
"1532","ENSG00000172232"
"1533","ENSG00000059915"
"1534","ENSG00000142507"
"1535","ENSG00000243067"
"1536","ENSG00000243594"
"1537","ENSG00000240065"
"1538","ENSG00000240508"
"1539","ENSG00000242711"
"1540","ENSG00000239836"
"1541","ENSG00000243958"
"1542","ENSG00000240118"
"1543","ENSG00000175166"
"1544","ENSG00000110801"
"1545","ENSG00000185920"
"1546","ENSG00000171862"
"1547","ENSG00000284792"
"1548","ENSG00000168229"
"1549","ENSG00000160951"
"1550","ENSG00000050628"
"1551","ENSG00000171522"
"1552","ENSG00000196396"
"1553","ENSG00000185129"
"1554","ENSG00000274665"
"1555","ENSG00000100362"
"1556","ENSG00000126838"
"1557","ENSG00000175582"
"1558","ENSG00000119318"
"1559","ENSG00000132155"
"1560","ENSG00000132341"
"1561","ENSG00000139687"
"1562","ENSG00000122257"
"1563","ENSG00000110092"
"1564","ENSG00000138207"
"1565","ENSG00000115386"
"1566","ENSG00000173039"
"1567","ENSG00000165731"
"1568","ENSG00000035928"
"1569","ENSG00000129473"
"1570","ENSG00000116741"
"1571","ENSG00000117152"
"1572","ENSG00000187010"
"1573","ENSG00000067900"
"1574","ENSG00000167526"
"1575","ENSG00000074582"
"1576","ENSG00000236824"
"1577","ENSG00000145425"
"1578","ENSG00000175634"
"1579","ENSG00000186468"
"1580","ENSG00000177954"
"1581","ENSG00000126458"
"1582","ENSG00000168398"
"1583","ENSG00000198626"
"1584","ENSG00000197956"
"1585","ENSG00000143546"
"1586","ENSG00000163221"
"1587","ENSG00000124788"
"1588","ENSG00000204842"
"1589","ENSG00000116171"
"1590","ENSG00000108700"
"1591","ENSG00000172724"
"1592","ENSG00000137077"
"1593","ENSG00000015475"
"1594","ENSG00000169439"
"1595","ENSG00000071537"
"1596","ENSG00000197299"
"1597","ENSG00000065559"
"1598","ENSG00000116560"
"1599","ENSG00000112081"
"1600","ENSG00000100650"
"1601","ENSG00000136527"
"1602","ENSG00000108823"
"1603","ENSG00000181523"
"1604","ENSG00000205726"
"1605","ENSG00000107295"
"1606","ENSG00000159263"
"1607","ENSG00000136603"
"1608","ENSG00000106688"
"1609","ENSG00000079215"
"1610","ENSG00000059804"
"1611","ENSG00000153162"
"1612","ENSG00000183023"
"1613","ENSG00000100678"
"1614","ENSG00000036565"
"1615","ENSG00000165646"
"1616","ENSG00000184347"
"1617","ENSG00000166311"
"1618","ENSG00000135587"
"1619","ENSG00000100485"
"1620","ENSG00000181449"
"1621","ENSG00000105866"
"1622","ENSG00000021574"
"1623","ENSG00000115306"
"1624","ENSG00000198911"
"1625","ENSG00000112658"
"1626","ENSG00000180616"
"1627","ENSG00000115415"
"1628","ENSG00000159167"
"1629","ENSG00000102239"
"1630","ENSG00000136854"
"1631","ENSG00000105398"
"1632","ENSG00000109743"
"1633","ENSG00000139190"
"1634","ENSG00000157152"
"1635","ENSG00000067715"
"1636","ENSG00000075073"
"1637","ENSG00000169836"
"1638","ENSG00000262635"
"1639","ENSG00000151790"
"1640","ENSG00000164362"
"1641","ENSG00000198176"
"1642","ENSG00000160180"
"1643","ENSG00000072274"
"1644","ENSG00000092969"
"1645","ENSG00000113296"
"1646","ENSG00000172009"
"1647","ENSG00000126351"
"1648","ENSG00000116001"
"1649","ENSG00000100234"
"1650","ENSG00000157150"
"1651","ENSG00000196781"
"1652","ENSG00000156298"
"1653","ENSG00000184113"
"1654","ENSG00000109079"
"1655","ENSG00000129991"
"1656","ENSG00000171860"
"1657","ENSG00000106804"
"1658","ENSG00000113600"
"1659","ENSG00000160226"
"1660","ENSG00000104267"
"1661","ENSG00000178537"
"1662","ENSG00000172137"
"1663","ENSG00000282830"
"1664","ENSG00000110680"
"1665","ENSG00000004948"
"1666","ENSG00000152495"
"1667","ENSG00000042493"
"1668","ENSG00000162909"
"1669","ENSG00000196954"
"1670","ENSG00000165806"
"1671","ENSG00000132906"
"1672","ENSG00000121691"
"1673","ENSG00000187094"
"1674","ENSG00000112237"
"1675","ENSG00000073754"
"1676","ENSG00000153563"
"1677","ENSG00000156738"
"1678","ENSG00000149516"
"1679","ENSG00000121594"
"1680","ENSG00000114013"
"1681","ENSG00000174059"
"1682","ENSG00000004468"
"1683","ENSG00000196776"
"1684","ENSG00000143119"
"1685","ENSG00000019582"
"1686","ENSG00000158825"
"1687","ENSG00000101224"
"1688","ENSG00000070831"
"1689","ENSG00000240498"
"1690","ENSG00000175538"
"1691","ENSG00000136560"
"1692","ENSG00000213523"
"1693","ENSG00000284224"
"1694","ENSG00000153094"
"1695","ENSG00000111252"
"1696","ENSG00000258992"
"1697","ENSG00000236424"
"1698","ENSG00000251201"
"1699","ENSG00000137496"
"1700","ENSG00000113163"
"1701","ENSG00000108179"
"1702","ENSG00000175215"
"1703","ENSG00000135698"
"1704","ENSG00000123136"
"1705","ENSG00000135414"
"1706","ENSG00000136436"
"1707","ENSG00000197584"
"1708","ENSG00000171723"
"1709","ENSG00000125257"
"1710","ENSG00000131477"
"1711","ENSG00000103266"
"1712","ENSG00000276146"
"1713","ENSG00000274513"
"1714","ENSG00000277751"
"1715","ENSG00000275463"
"1716","ENSG00000131042"
"1717","ENSG00000115266"
"1718","ENSG00000050555"
"1719","ENSG00000006606"
"1720","ENSG00000116874"
"1721","ENSG00000213928"
"1722","ENSG00000285048"
"1723","ENSG00000196074"
"1724","ENSG00000204628"
"1725","ENSG00000104324"
"1726","ENSG00000079337"
"1727","ENSG00000100462"
"1728","ENSG00000153774"
"1729","ENSG00000164597"
"1730","ENSG00000284369"
"1731","ENSG00000167863"
"1732","ENSG00000198689"
"1733","ENSG00000162231"
"1734","ENSG00000107959"
"1735","ENSG00000173465"
"1736","ENSG00000235300"
"1737","ENSG00000164414"
"1738","ENSG00000119655"
"1739","ENSG00000138136"
"1740","ENSG00000104671"
"1741","ENSG00000147155"
"1742","ENSG00000168883"
"1743","ENSG00000185737"
"1744","ENSG00000110958"
"1745","ENSG00000134121"
"1746","ENSG00000128989"
"1747","ENSG00000272532"
"1748","ENSG00000275211"
"1749","ENSG00000100197"
"1750","ENSG00000280905"
"1751","ENSG00000282966"
"1752","ENSG00000283284"
"1753","ENSG00000120694"
"1754","ENSG00000145920"
"1755","ENSG00000168993"
"1756","ENSG00000173083"
"1757","ENSG00000101856"
"1758","ENSG00000131094"
"1759","ENSG00000125966"
"1760","ENSG00000165672"
"1761","ENSG00000007038"
"1762","ENSG00000282838"
"1763","ENSG00000168439"
"1764","ENSG00000170348"
"1765","ENSG00000111142"
"1766","ENSG00000125868"
"1767","ENSG00000104435"
"1768","ENSG00000185104"
"1769","ENSG00000021488"
"1770","ENSG00000204634"
"1771","ENSG00000196998"
"1772","ENSG00000198554"
"1773","ENSG00000101180"
"1774","ENSG00000215021"
"1775","ENSG00000074416"
"1776","ENSG00000142920"
"1777","ENSG00000147606"
"1778","ENSG00000198785"
"1779","ENSG00000116032"
"1780","ENSG00000110243"
"1781","ENSG00000139287"
"1782","ENSG00000139926"
"1783","ENSG00000180008"
"1784","ENSG00000275736"
"1785","ENSG00000170909"
"1786","ENSG00000274703"
"1787","ENSG00000278378"
"1788","ENSG00000275551"
"1789","ENSG00000277088"
"1790","ENSG00000278533"
"1791","ENSG00000275644"
"1792","ENSG00000276982"
"1793","ENSG00000273511"
"1794","ENSG00000163606"
"1795","ENSG00000172061"
"1796","ENSG00000145247"
"1797","ENSG00000101438"
"1798","ENSG00000054803"
"1799","ENSG00000153914"
"1800","ENSG00000116273"
"1801","ENSG00000162594"
"1802","ENSG00000155066"
"1803","ENSG00000102383"
"1804","ENSG00000171611"
"1805","ENSG00000151065"
"1806","ENSG00000284850"
"1807","ENSG00000112232"
"1808","ENSG00000197629"
"1809","ENSG00000164627"
"1810","ENSG00000169760"
"1811","ENSG00000198844"
"1812","ENSG00000105483"
"1813","ENSG00000278788"
"1814","ENSG00000064932"
"1815","ENSG00000156395"
"1816","ENSG00000198646"
"1817","ENSG00000157064"
"1818","ENSG00000075240"
"1819","ENSG00000089902"
"1820","ENSG00000144224"
"1821","ENSG00000148219"
"1822","ENSG00000132361"
"1823","ENSG00000030066"
"1824","ENSG00000136051"
"1825","ENSG00000131018"
"1826","ENSG00000127481"
"1827","ENSG00000124523"
"1828","ENSG00000155974"
"1829","ENSG00000221890"
"1830","ENSG00000180901"
"1831","ENSG00000175505"
"1832","ENSG00000100003"
"1833","ENSG00000107937"
"1834","ENSG00000159339"
"1835","ENSG00000280908"
"1836","ENSG00000153904"
"1837","ENSG00000169006"
"1838","ENSG00000171864"
"1839","ENSG00000087074"
"1840","ENSG00000151012"
"1841","ENSG00000144339"
"1842","ENSG00000123892"
"1843","ENSG00000255302"
"1844","ENSG00000101161"
"1845","ENSG00000108001"
"1846","ENSG00000175287"
"1847","ENSG00000170209"
"1848","ENSG00000100225"
"1849","ENSG00000164713"
"1850","ENSG00000153558"
"1851","ENSG00000083937"
"1852","ENSG00000197324"
"1853","ENSG00000275885"
"1854","ENSG00000105618"
"1855","ENSG00000276421"
"1856","ENSG00000274651"
"1857","ENSG00000277707"
"1858","ENSG00000275117"
"1859","ENSG00000277154"
"1860","ENSG00000274144"
"1861","ENSG00000274894"
"1862","ENSG00000277953"
"1863","ENSG00000135999"
"1864","ENSG00000116661"
"1865","ENSG00000156282"
"1866","ENSG00000152137"
"1867","ENSG00000174938"
"1868","ENSG00000125775"
"1869","ENSG00000138744"
"1870","ENSG00000137078"
"1871","ENSG00000146072"
"1872","ENSG00000150593"
"1873","ENSG00000134115"
"1874","ENSG00000172602"
"1875","ENSG00000108106"
"1876","ENSG00000197110"
"1877","ENSG00000174450"
"1878","ENSG00000101680"
"1879","ENSG00000152467"
"1880","ENSG00000143028"
"1881","ENSG00000198547"
"1882","ENSG00000153006"
"1883","ENSG00000106565"
"1884","ENSG00000104112"
"1885","ENSG00000025770"
"1886","ENSG00000095066"
"1887","ENSG00000147164"
"1888","ENSG00000136856"
"1889","ENSG00000105373"
"1890","ENSG00000138449"
"1891","ENSG00000274211"
"1892","ENSG00000274229"
"1893","ENSG00000276600"
"1894","ENSG00000161911"
"1895","ENSG00000187556"
"1896","ENSG00000288505"
"1897","ENSG00000188729"
"1898","ENSG00000188710"
"1899","ENSG00000139211"
"1900","ENSG00000164588"
"1901","ENSG00000243414"
"1902","ENSG00000166377"
"1903","ENSG00000274273"
"1904","ENSG00000282266"
"1905","ENSG00000273607"
"1906","ENSG00000250479"
"1907","ENSG00000199133"
"1908","ENSG00000207994"
"1909","ENSG00000284202"
"1910","ENSG00000283819"
"1911","ENSG00000283904"
"1912","ENSG00000283785"
"1913","ENSG00000207768"
"1914","ENSG00000284112"
"1915","ENSG00000283762"
"1916","ENSG00000207730"
"1917","ENSG00000283844"
"1918","ENSG00000199036"
"1919","ENSG00000283824"
"1920","ENSG00000207725"
"1921","ENSG00000207563"
"1922","ENSG00000199121"
"1923","ENSG00000198974"
"1924","ENSG00000199023"
"1925","ENSG00000198973"
"1926","ENSG00000127318"
"1927","ENSG00000179409"
"1928","ENSG00000161681"
"1929","ENSG00000138303"
"1930","ENSG00000134970"
"1931","ENSG00000214253"
"1932","ENSG00000165475"
"1933","ENSG00000183520"
"1934","ENSG00000198001"
"1935","ENSG00000170476"
"1936","ENSG00000167775"
"1937","ENSG00000130159"
"1938","ENSG00000124785"
"1939","ENSG00000134709"
"1940","ENSG00000104517"
"1941","ENSG00000110934"
"1942","ENSG00000205629"
"1943","ENSG00000204872"
"1944","ENSG00000006007"
"1945","ENSG00000157017"
"1946","ENSG00000172458"
"1947","ENSG00000168702"
"1948","ENSG00000137726"
"1949","ENSG00000149972"
"1950","ENSG00000148229"
"1951","ENSG00000124731"
"1952","ENSG00000164951"
"1953","ENSG00000130940"
"1954","ENSG00000188352"
"1955","ENSG00000144659"
"1956","ENSG00000139192"
"1957","ENSG00000196368"
"1958","ENSG00000139697"
"1959","ENSG00000182551"
"1960","ENSG00000280830"
"1961","ENSG00000109670"
"1962","ENSG00000196660"
"1963","ENSG00000130827"
"1964","ENSG00000171681"
"1965","ENSG00000054392"
"1966","ENSG00000280680"
"1967","ENSG00000048540"
"1968","ENSG00000128833"
"1969","ENSG00000226215"
"1970","ENSG00000204444"
"1971","ENSG00000206409"
"1972","ENSG00000231974"
"1973","ENSG00000224290"
"1974","ENSG00000235754"
"1975","ENSG00000227567"
"1976","ENSG00000136698"
"1977","ENSG00000120549"
"1978","ENSG00000204290"
"1979","ENSG00000229597"
"1980","ENSG00000225412"
"1981","ENSG00000225845"
"1982","ENSG00000226127"
"1983","ENSG00000224770"
"1984","ENSG00000224242"
"1985","ENSG00000229741"
"1986","ENSG00000132792"
"1987","ENSG00000109667"
"1988","ENSG00000185046"
"1989","ENSG00000005206"
"1990","ENSG00000112679"
"1991","ENSG00000164494"
"1992","ENSG00000127252"
"1993","ENSG00000183049"
"1994","ENSG00000204936"
"1995","ENSG00000115310"
"1996","ENSG00000111732"
"1997","ENSG00000284565"
"1998","ENSG00000208027"
"1999","ENSG00000181754"
"2000","ENSG00000134313"
"2001","ENSG00000138411"
"2002","ENSG00000184985"
"2003","ENSG00000109689"
"2004","ENSG00000003393"
"2005","ENSG00000231502"
"2006","ENSG00000172850"
"2007","ENSG00000225998"
"2008","ENSG00000204392"
"2009","ENSG00000236826"
"2010","ENSG00000224979"
"2011","ENSG00000158055"
"2012","ENSG00000117569"
"2013","ENSG00000091106"
"2014","ENSG00000154721"
"2015","ENSG00000074527"
"2016","ENSG00000111199"
"2017","ENSG00000214285"
"2018","ENSG00000207726"
"2019","ENSG00000167720"
"2020","ENSG00000132692"
"2021","ENSG00000164600"
"2022","ENSG00000125861"
"2023","ENSG00000000005"
"2024","ENSG00000278268"
"2025","ENSG00000165943"
"2026","ENSG00000173145"
"2027","ENSG00000120725"
"2028","ENSG00000180875"
"2029","ENSG00000114745"
"2030","ENSG00000205835"
"2031","ENSG00000144426"
"2032","ENSG00000158517"
"2033","ENSG00000188610"
"2034","ENSG00000207820"
"2035","ENSG00000207741"
"2036","ENSG00000143514"
"2037","ENSG00000129167"
"2038","ENSG00000133112"
"2039","ENSG00000127191"
"2040","ENSG00000137672"
"2041","ENSG00000142185"
"2042","ENSG00000165409"
"2043","ENSG00000112742"
"2044","ENSG00000200463"
"2045","ENSG00000228927"
"2046","ENSG00000274252"
"2047","ENSG00000233803"
"2048","ENSG00000133475"
"2049","ENSG00000122691"
"2050","ENSG00000121807"
"2051","ENSG00000105397"
"2052","ENSG00000092445"
"2053","ENSG00000107165"
"2054","ENSG00000114062"
"2055","ENSG00000102100"
"2056","ENSG00000076248"
"2057","ENSG00000010256"
"2058","ENSG00000105698"
"2059","ENSG00000146469"
"2060","ENSG00000167995"
"2061","ENSG00000110799"
"2062","ENSG00000140105"
"2063","ENSG00000015285"
"2064","ENSG00000166483"
"2065","ENSG00000125084"
"2066","ENSG00000114251"
"2067","ENSG00000134245"
"2068","ENSG00000184937"
"2069","ENSG00000073050"
"2070","ENSG00000099326"
"2071","ENSG00000128482"
"2072","ENSG00000267680"
"2073","ENSG00000130856"
"2074","ENSG00000139625"
"2075","ENSG00000157193"
"2076","ENSG00000163251"
"2077","ENSG00000075785"
"2078","ENSG00000129625"
"2079","ENSG00000142634"
"2080","ENSG00000215425"
"2081","ENSG00000229496"
"2082","ENSG00000225859"
"2083","ENSG00000237889"
"2084","ENSG00000225073"
"2085","ENSG00000198563"
"2086","ENSG00000235439"
"2087","ENSG00000230624"
"2088","ENSG00000112561"
"2089","ENSG00000131914"
"2090","ENSG00000134463"
"2091","ENSG00000105825"
"2092","ENSG00000049883"
"2093","ENSG00000050327"
"2094","ENSG00000284933"
"2095","ENSG00000100722"
"2096","ENSG00000100599"
"2097","ENSG00000111704"
"2098","ENSG00000145284"
"2099","ENSG00000167653"
"2100","ENSG00000125779"
"2101","ENSG00000148334"
"2102","ENSG00000126883"
"2103","ENSG00000138336"
"2104","ENSG00000101152"
"2105","ENSG00000135917"
"2106","ENSG00000094914"
"2107","ENSG00000100836"
"2108","ENSG00000140350"
"2109","ENSG00000140941"
"2110","ENSG00000132874"
"2111","ENSG00000166342"
"2112","ENSG00000118518"
"2113","ENSG00000159259"
"2114","ENSG00000124486"
"2115","ENSG00000135636"
"2116","ENSG00000163930"
"2117","ENSG00000163508"
"2118","ENSG00000186867"
"2119","ENSG00000168172"
"2120","ENSG00000160469"
"2121","ENSG00000233561"
"2122","ENSG00000227222"
"2123","ENSG00000226171"
"2124","ENSG00000231377"
"2125","ENSG00000204560"
"2126","ENSG00000206486"
"2127","ENSG00000233049"
"2128","ENSG00000233418"
"2129","ENSG00000198042"
"2130","ENSG00000101460"
"2131","ENSG00000116981"
"2132","ENSG00000077800"
"2133","ENSG00000108819"
"2134","ENSG00000137463"
"2135","ENSG00000133124"
"2136","ENSG00000260548"
"2137","ENSG00000110786"
"2138","ENSG00000125703"
"2139","ENSG00000144283"
"2140","ENSG00000117461"
"2141","ENSG00000251322"
"2142","ENSG00000143013"
"2143","ENSG00000089022"
"2144","ENSG00000180228"
"2145","ENSG00000115661"
"2146","ENSG00000138768"
"2147","ENSG00000113231"
"2148","ENSG00000284762"
"2149","ENSG00000131471"
"2150","ENSG00000133961"
"2151","ENSG00000185338"
"2152","ENSG00000185950"
"2153","ENSG00000174292"
"2154","ENSG00000283781"
"2155","ENSG00000137275"
"2156","ENSG00000282230"
"2157","ENSG00000168615"
"2158","ENSG00000103769"
"2159","ENSG00000178307"
"2160","ENSG00000120833"
"2161","ENSG00000171720"
"2162","ENSG00000007062"
"2163","ENSG00000255398"
"2164","ENSG00000128918"
"2165","ENSG00000049246"
"2166","ENSG00000132326"
"2167","ENSG00000102606"
"2168","ENSG00000159593"
"2169","ENSG00000125977"
"2170","ENSG00000112290"
"2171","ENSG00000171450"
"2172","ENSG00000154342"
"2173","ENSG00000166833"
"2174","ENSG00000169271"
"2175","ENSG00000147378"
"2176","ENSG00000197483"
"2177","ENSG00000160145"
"2178","ENSG00000184557"
"2179","ENSG00000174672"
"2180","ENSG00000144035"
"2181","ENSG00000008294"
"2182","ENSG00000117407"
"2183","ENSG00000179271"
"2184","ENSG00000163347"
"2185","ENSG00000100258"
"2186","ENSG00000078699"
"2187","ENSG00000185359"
"2188","ENSG00000115602"
"2189","ENSG00000169359"
"2190","ENSG00000147130"
"2191","ENSG00000221995"
"2192","ENSG00000185236"
"2193","ENSG00000183691"
"2194","ENSG00000128487"
"2195","ENSG00000162889"
"2196","ENSG00000170677"
"2197","ENSG00000112149"
"2198","ENSG00000149930"
"2199","ENSG00000145147"
"2200","ENSG00000141052"
"2201","ENSG00000081803"
"2202","ENSG00000181867"
"2203","ENSG00000172817"
"2204","ENSG00000065320"
"2205","ENSG00000164379"
"2206","ENSG00000103942"
"2207","ENSG00000152413"
"2208","ENSG00000104998"
"2209","ENSG00000288185"
"2210","ENSG00000131370"
"2211","ENSG00000134318"
"2212","ENSG00000153291"
"2213","ENSG00000170310"
"2214","ENSG00000087116"
"2215","ENSG00000283802"
"2216","ENSG00000128242"
"2217","ENSG00000130513"
"2218","ENSG00000141279"
"2219","ENSG00000151929"
"2220","ENSG00000164326"
"2221","ENSG00000213231"
"2222","ENSG00000064692"
"2223","ENSG00000145194"
"2224","ENSG00000048052"
"2225","ENSG00000072818"
"2226","ENSG00000288169"
"2227","ENSG00000079999"
"2228","ENSG00000145833"
"2229","ENSG00000065609"
"2230","ENSG00000159164"
"2231","ENSG00000010292"
"2232","ENSG00000002587"
"2233","ENSG00000184634"
