"","X","proteinA","proteinB"
"1","4",813466,813466
"2","5",813466,8350
"3","6",813466,8338
"4","7",813466,8349
"5","13",813671,3885918
"6","14",813671,811393
"7","15",813671,811519
"8","16",813690,2655185
"9","17",813690,810389
"10","18",813690,812450
"11","19",813690,812511
"12","20",813690,3885750
"13","21",813691,813872
"14","22",813691,814101
"15","23",813699,2655152
"16","24",813699,812249
"17","25",813722,812753
"18","26",813730,813315
"19","27",813742,814479
"20","28",813744,2655062
"21","29",813744,813328
"22","30",813744,813497
"23","31",813748,813652
"24","32",813748,2655056
"25","33",813748,2655090
"26","34",813748,2655469
"27","35",813748,810389
"28","36",813748,810423
"29","37",813748,810894
"30","38",813748,812045
"31","39",813748,814419
"32","40",813748,812541
"33","41",813748,3885840
"34","42",813748,3885982
"35","43",813748,813602
"36","44",813748,811274
"37","45",813760,813760
"38","46",813760,2655328
"39","47",813760,812635
"40","48",813760,811554
"41","49",813764,2655158
"42","50",813764,810301
"43","51",813764,814166
"44","52",813764,811641
"45","53",813764,812260
"46","54",813764,812644
"47","55",813764,3885918
"48","56",813765,812511
"49","57",813766,813623
"50","58",813771,813900
"51","59",813771,810273
"52","60",813771,810788
"53","61",813771,811839
"54","62",813771,811926
"55","63",813771,813090
"56","64",813771,813602
"57","65",813771,811355
"58","66",813780,813903
"59","67",813780,810602
"60","68",813780,814392
"61","69",813788,3885792
"62","70",813793,813107
"63","71",813796,813792
"64","72",813796,814131
"65","73",813796,813014
"66","74",813809,2655192
"67","75",813809,812939
"68","76",813817,812964
"69","77",813824,2654992
"70","78",813830,813830
"71","79",813830,2655092
"72","80",813830,810898
"73","81",813830,812556
"74","82",813830,812511
"75","83",813830,811393
"76","84",813843,814250
"77","85",813858,2655237
"78","86",813858,810389
"79","87",813858,812856
"80","88",813858,813064
"81","89",813858,813575
"82","90",813858,811090
"83","91",813868,810948
"84","92",813868,811712
"85","93",813868,812558
"86","94",813868,3885716
"87","95",813868,813313
"88","96",813872,810273
"89","97",813872,810772
"90","98",813872,811926
"91","99",813872,811962
"92","100",813872,812255
"93","101",813872,812728
"94","102",813872,812590
"95","103",813872,813129
"96","104",813872,813575
"97","105",813872,811320
"98","106",813875,814024
"99","107",813875,813127
"100","108",813889,813889
"101","109",813900,814479
"102","110",813903,813780
"103","111",813903,813903
"104","112",813903,2655485
"105","113",813903,810233
"106","114",813903,810505
"107","115",813903,810602
"108","116",813903,814054
"109","117",813903,814392
"110","118",813903,812489
"111","119",813903,3885929
"112","120",813903,811401
"113","121",813904,812527
"114","122",813904,813598
"115","123",813911,2654992
"116","124",813911,810649
"117","125",813911,810804
"118","126",813911,813575
"119","127",813917,813466
"120","128",813918,2654992
"121","129",813918,811257
"122","130",813932,813060
"123","131",813949,810399
"124","132",813949,810502
"125","133",813949,810806
"126","134",813949,812968
"127","135",813949,811329
"128","136",813952,813952
"129","137",813952,2655229
"130","138",813952,812752
"131","139",813952,3885929
"132","140",813952,813379
"133","141",2654930,810273
"134","142",2654930,812529
"135","143",2654930,9221852
"136","144",2654930,813090
"137","145",2655184,2655065
"138","146",2655149,813314
"139","147",2655153,810862
"140","148",2655153,811320
"141","149",2655078,811876
"142","150",2655088,814080
"143","151",2655023,813683
"144","152",2655023,2655186
"145","153",2655023,2655095
"146","154",2655023,2655486
"147","155",2655023,814167
"148","156",2655023,811609
"149","157",2655023,813039
"150","158",2655023,3885750
"151","159",2655023,811393
"152","160",2655031,813760
"153","161",2655031,813875
"154","162",2655031,810389
"155","163",2655031,810660
"156","164",2655031,810748
"157","165",2655031,811040
"158","166",2655031,814268
"159","167",2655031,811669
"160","168",2655031,811916
"161","169",2655031,814409
"162","170",2655031,812529
"163","171",2655031,812375
"164","172",2655031,812542
"165","173",2655031,3885926
"166","174",2655037,811919
"167","175",2654990,2655042
"168","176",2654991,2654991
"169","177",2654991,810184
"170","178",2654992,2655330
"171","179",2654992,810861
"172","180",2654993,810293
"173","181",2654996,813577
"174","182",2654996,811329
"175","183",2654946,2654979
"176","184",2654946,812045
"177","185",2654946,812260
"178","186",2654946,812870
"179","187",2654946,813379
"180","188",2654946,813575
"181","189",2655196,2655153
"182","190",2655196,813631
"183","191",2655203,814015
"184","192",2655018,2655080
"185","193",2655018,2654993
"186","194",2655018,2655132
"187","195",2655018,2655330
"188","196",2655018,810347
"189","197",2655018,810389
"190","198",2655018,810401
"191","199",2655018,810518
"192","200",2655018,810588
"193","201",2655018,810889
"194","202",2655018,810898
"195","203",2655018,814135
"196","204",2655018,814175
"197","205",2655018,811923
"198","206",2655018,812109
"199","207",2655018,812669
"200","208",2655018,814417
"201","209",2655018,812450
"202","210",2655018,812903
"203","211",2655018,813085
"204","212",2655018,3885842
"205","213",2655018,811329
"206","214",2655018,811331
"207","215",2655041,813659
"208","216",2655041,812140
"209","217",2655045,2655042
"210","218",2655045,810765
"211","219",2655045,811329
"212","220",2655221,814250
"213","221",2655222,2654993
"214","222",2655222,2655222
"215","223",2655222,2655485
"216","224",2655222,811916
"217","225",2655222,3885929
"218","226",2655222,813325
"219","227",2655222,811123
"220","228",2655394,810389
"221","229",2655235,2655235
"222","230",2655251,810669
"223","231",2655409,811859
"224","232",2655409,812260
"225","233",2655409,812558
"226","234",2655409,813498
"227","235",2655409,813510
"228","236",2655405,2655405
"229","237",2655399,2655185
"230","238",2655399,810518
"231","239",2655399,814447
"232","240",2655400,813837
"233","241",2655400,2655222
"234","242",2655400,2655400
"235","243",2655400,2655229
"236","244",2655400,2655485
"237","245",2655400,810233
"238","246",2655400,810389
"239","247",2655400,810689
"240","248",2655400,810889
"241","249",2655400,811613
"242","250",2655400,812261
"243","251",2655400,812521
"244","252",2655400,812480
"245","253",2655400,813130
"246","254",2655400,3885929
"247","255",2655400,3885686
"248","256",2655400,813325
"249","257",2655400,813623
"250","258",2655400,811331
"251","259",2655362,9221775
"252","260",2655362,812939
"253","261",2655363,811038
"254","262",2655229,2655229
"255","263",2655229,2655100
"256","264",2655229,810389
"257","265",2655229,810423
"258","266",2655229,811036
"259","267",2655229,814050
"260","268",2655229,814195
"261","269",2655229,811688
"262","270",2655229,811772
"263","271",2655229,811782
"264","272",2655229,811926
"265","273",2655229,812045
"266","274",2655229,812159
"267","275",2655229,812719
"268","276",2655229,812762
"269","277",2655229,812791
"270","278",2655229,814532
"271","279",2655229,812542
"272","280",2655229,812483
"273","281",2655229,813130
"274","282",2655229,3885840
"275","283",2655229,3885716
"276","284",2655229,3885801
"277","285",2655229,813455
"278","286",2655229,813575
"279","287",2655229,813636
"280","288",2655229,811317
"281","289",2655412,811146
"282","290",2655380,810411
"283","291",2655380,3885717
"284","292",2655390,810529
"285","293",2655418,2655418
"286","294",2655418,2655179
"287","295",2655418,812636
"288","296",2655418,814339
"289","297",2655418,812909
"290","298",2655418,813575
"291","299",2655418,813623
"292","300",2655421,2655421
"293","301",2655421,812709
"294","302",2655422,2655422
"295","303",2655422,2655179
"296","304",2655422,3885929
"297","305",2655430,814050
"298","306",2655430,812168
"299","307",2655446,813817
"300","308",2655446,2655446
"301","309",2655446,2655485
"302","310",2655446,812226
"303","311",2655446,812511
"304","312",2655446,812989
"305","313",2655446,813130
"306","314",2654973,9221806
"307","315",2654983,811906
"308","316",2655056,2654993
"309","317",2655057,813602
"310","318",2655060,2655185
"311","319",2655060,2655400
"312","320",2655060,810660
"313","321",2655060,813039
"314","322",2655065,811266
"315","323",2655069,2655065
"316","324",2655069,3885918
"317","325",2655090,814402
"318","326",2655091,814199
"319","327",2655091,812891
"320","328",2655097,2655031
"321","329",2655097,2655179
"322","330",2655097,810918
"323","331",2655097,814490
"324","332",2655097,812856
"325","333",2655100,2654992
"326","334",2655100,812862
"327","335",2655100,811124
"328","336",2655101,814015
"329","337",2655106,2654946
"330","338",2655106,2655045
"331","339",2655106,2655369
"332","340",2655106,2655125
"333","341",2655106,810235
"334","342",2655106,810249
"335","343",2655106,810429
"336","344",2655106,810649
"337","345",2655106,810715
"338","346",2655106,811628
"339","347",2655106,812123
"340","348",2655106,812618
"341","349",2655106,812662
"342","350",2655106,812736
"343","351",2655106,814342
"344","352",2655106,814523
"345","353",2655106,812375
"346","354",2655106,812922
"347","355",2655106,811532
"348","356",2655110,2655235
"349","357",2655110,2655126
"350","358",2655110,810301
"351","359",2655110,813086
"352","360",2655111,814131
"353","361",2655111,814167
"354","362",2655111,811611
"355","363",2655111,812045
"356","364",2655111,812064
"357","365",2655117,810689
"358","366",2655124,811036
"359","367",2655126,2655421
"360","368",2655126,810660
"361","369",2655128,810502
"362","370",2655130,2655065
"363","371",2655130,810301
"364","372",2655130,814409
"365","373",2655130,3885866
"366","374",2655130,811525
"367","375",2655145,812529
"368","376",2655145,812870
"369","377",2655158,813699
"370","378",2655158,813903
"371","379",2655158,2654993
"372","380",2655158,2655097
"373","381",2655158,810242
"374","382",2655158,812312
"375","383",2655158,3885736
"376","384",2655158,811215
"377","385",2655159,813760
"378","386",2655159,810389
"379","387",2655159,810637
"380","388",2655159,810765
"381","389",2655159,812025
"382","390",2655159,811536
"383","391",2655165,812196
"384","392",2655165,814448
"385","393",2655165,813623
"386","394",2655173,812968
"387","395",2655173,813623
"388","396",2655175,812045
"389","397",2655179,810273
"390","398",2655179,810612
"391","399",2655179,814021
"392","400",2655179,812007
"393","401",2655179,812480
"394","402",2655247,2655235
"395","403",2655247,2655090
"396","404",2655247,810374
"397","405",2655247,810921
"398","406",2655247,3885920
"399","407",2655247,811079
"400","408",2655247,811178
"401","409",2655458,814231
"402","410",2655458,812666
"403","411",2655458,812891
"404","412",2655458,3885877
"405","413",2655458,813314
"406","414",2655476,810199
"407","415",2655476,810233
"408","416",2655476,811038
"409","417",2655476,811828
"410","418",2655476,812069
"411","419",2655476,812260
"412","420",2655476,812511
"413","421",2655476,812891
"414","422",2655476,813394
"415","423",2655476,813478
"416","424",2655485,811036
"417","425",2655486,811536
"418","426",2655492,812159
"419","427",2655492,3885894
"420","428",2655499,814186
"421","429",2655499,811973
"422","430",2655499,812529
"423","431",2655499,3885728
"424","432",2655500,810607
"425","433",2655254,2655041
"426","434",2655254,2655059
"427","435",2655254,811778
"428","436",2655254,812308
"429","437",2655254,814399
"430","438",2655254,812503
"431","439",2655254,813095
"432","440",2655254,3885983
"433","441",2655254,813455
"434","442",2655254,813575
"435","443",2655254,813608
"436","444",2655254,811123
"437","445",2655255,811926
"438","446",2655255,812529
"439","447",2655255,812409
"440","448",2655258,2655336
"441","449",2655259,3885717
"442","450",2655260,813904
"443","451",2655260,2655222
"444","452",2655260,2655130
"445","453",2655260,2655485
"446","454",2655260,814110
"447","455",2655260,812753
"448","456",2655260,812480
"449","457",2655260,812939
"450","458",2655260,813060
"451","459",2655260,3885929
"452","460",2655260,813325
"453","461",2655260,813455
"454","462",2655267,811111
"455","463",2655275,3885792
"456","464",2655277,812456
"457","465",2655277,812870
"458","466",2655280,812180
"459","467",2655280,812891
"460","468",2655281,810329
"461","469",2655282,814167
"462","470",2655282,812045
"463","471",2655284,811376
"464","472",2655286,2655229
"465","473",2655288,813511
"466","474",2655295,814298
"467","475",2655301,2655418
"468","476",2655301,810362
"469","477",2655301,813060
"470","478",2655308,2655090
"471","479",2655309,810889
"472","480",4794196,812521
"473","481",4794196,811257
"474","482",2655313,814524
"475","483",2655313,813623
"476","484",2655314,811402
"477","485",2655323,2655229
"478","486",2655323,2655486
"479","487",2655323,812043
"480","488",2655323,812877
"481","489",2655323,812881
"482","490",2655323,3885764
"483","491",2655324,810389
"484","492",2655326,813868
"485","493",2655326,810637
"486","494",2655326,811001
"487","495",2655326,814311
"488","496",2655326,812709
"489","497",2655326,812891
"490","498",2655326,811404
"491","499",2655327,813466
"492","500",2655328,810660
"493","501",2655330,2655362
"494","502",2655330,810712
"495","503",2655330,810840
"496","504",2655330,814167
"497","505",2655330,811810
"498","506",2655330,811916
"499","507",2655330,812180
"500","508",2655330,812531
"501","509",2655330,812511
"502","510",2655330,812929
"503","511",2655330,3885792
"504","512",2655330,3885723
"505","513",2655330,813320
"506","514",2655330,813548
"507","515",2655330,811079
"508","516",2655330,811519
"509","517",2655336,2655235
"510","518",2655336,814032
"511","519",2655336,812339
"512","520",2655336,811401
"513","521",810184,813662
"514","522",810197,810399
"515","523",810198,811812
"516","524",810201,3885792
"517","525",810201,811090
"518","526",810216,810689
"519","527",810216,811220
"520","528",810218,813025
"521","529",810221,812099
"522","530",810221,812534
"523","531",810229,813872
"524","532",810229,813582
"525","533",810233,813903
"526","534",810233,2655090
"527","535",810233,2655485
"528","536",810233,810233
"529","537",810233,3885761
"530","538",810233,811540
"531","539",810237,811179
"532","540",810239,2654994
"533","541",810269,813662
"534","542",810269,2654992
"535","543",810269,2654946
"536","544",810269,810502
"537","545",810269,810505
"538","546",810269,810792
"539","547",810269,810918
"540","548",810269,811020
"541","549",810269,814064
"542","550",810269,811852
"543","551",810269,812069
"544","552",810269,812625
"545","553",810269,812877
"546","554",810269,812881
"547","555",810269,813466
"548","556",810272,813904
"549","557",810272,2655080
"550","558",810272,2654995
"551","559",810272,2655418
"552","560",810272,2655062
"553","561",810272,2655280
"554","562",810272,814283
"555","563",810272,811719
"556","564",810272,811974
"557","565",810272,812288
"558","566",810272,812328
"559","567",810272,812709
"560","568",810272,812728
"561","569",810272,812902
"562","570",810272,812939
"563","571",810272,3885844
"564","572",810272,3885924
"565","573",810272,3885929
"566","574",810272,813455
"567","575",810272,811170
"568","576",810272,811215
"569","577",810272,811274
"570","578",810273,2655065
"571","579",810273,814135
"572","580",810273,811926
"573","581",810273,812025
"574","582",810273,812521
"575","583",810273,3885894
"576","584",810293,810293
"577","585",810294,812668
"578","586",810301,813445
"579","587",810304,3885929
"580","588",810313,813872
"581","589",810313,812180
"582","590",810313,812255
"583","591",810313,812666
"584","592",810313,3885920
"585","593",810313,811109
"586","594",810313,811237
"587","595",810313,811329
"588","596",810318,812534
"589","597",810318,812450
"590","598",810318,812877
"591","599",810318,3885840
"592","600",810318,811332
"593","601",810327,810389
"594","602",810329,2655065
"595","603",810344,813945
"596","604",810344,810221
"597","605",810344,811782
"598","606",810344,9221789
"599","607",810344,812387
"600","608",810344,812870
"601","609",810354,810732
"602","610",810362,813474
"603","611",810363,813672
"604","612",810363,2654983
"605","613",810376,810233
"606","614",810376,814200
"607","615",810376,814268
"608","616",810376,813455
"609","617",810376,811178
"610","618",810378,812426
"611","619",810389,2655130
"612","620",810389,810289
"613","621",810389,810304
"614","622",810389,810389
"615","623",810389,810738
"616","624",810389,810944
"617","625",810389,811038
"618","626",810389,812226
"619","627",810389,812365
"620","628",810389,812511
"621","629",810389,3885792
"622","630",810389,3885849
"623","631",810389,813575
"624","632",810389,813623
"625","633",810389,811393
"626","634",810393,810393
"627","635",810399,2655418
"628","636",810399,2655065
"629","637",810399,2655097
"630","638",810399,2655110
"631","639",810399,810889
"632","640",810399,811707
"633","641",810399,812016
"634","642",810399,812180
"635","643",810399,3885715
"636","644",810399,811329
"637","645",810403,813680
"638","646",810403,814409
"639","647",810405,3885734
"640","648",810411,813475
"641","649",810411,811329
"642","650",810411,811421
"643","651",810417,2655176
"644","652",810417,810304
"645","653",810417,810660
"646","654",810417,810888
"647","655",810417,812529
"648","656",810417,3885717
"649","657",810419,811637
"650","658",810419,812521
"651","659",810419,813466
"652","660",810419,811090
"653","661",810419,811218
"654","662",810423,810616
"655","663",810423,813495
"656","664",810423,811329
"657","665",810425,2655235
"658","666",810425,810715
"659","667",810425,814134
"660","668",810429,2655031
"661","669",810429,810411
"662","670",810429,813090
"663","671",810429,811090
"664","672",810446,811519
"665","673",810449,810389
"666","674",810451,814167
"667","675",810451,814409
"668","676",810466,812260
"669","677",810476,812783
"670","678",810476,811536
"671","679",810479,813760
"672","680",810479,810479
"673","681",810480,813789
"674","682",810480,813315
"675","683",810481,810824
"676","684",810492,813662
"677","685",810492,2655101
"678","686",810492,810860
"679","687",810502,2655130
"680","688",810502,810502
"681","689",810502,812074
"682","690",810503,811170
"683","691",810503,811319
"684","692",810503,811358
"685","693",810505,810341
"686","694",810505,810807
"687","695",810505,811975
"688","696",810505,812724
"689","697",810505,3885792
"690","698",810507,813760
"691","699",810531,813987
"692","700",810531,811628
"693","701",810531,811751
"694","702",810531,811984
"695","703",810531,811381
"696","704",810537,814166
"697","705",810537,812092
"698","706",810537,812232
"699","707",810537,3885717
"700","708",810588,813760
"701","709",810593,3885792
"702","710",810605,810740
"703","711",810605,814240
"704","712",810605,811810
"705","713",810605,812544
"706","714",810605,813418
"707","715",810605,813623
"708","716",810618,810889
"709","717",810618,811270
"710","718",810621,813746
"711","719",810621,810621
"712","720",810628,812196
"713","721",810637,2655210
"714","722",810637,810637
"715","723",810637,812784
"716","724",810637,3885920
"717","725",810637,3885929
"718","726",810642,811815
"719","727",810642,813289
"720","728",810647,3885844
"721","729",810650,811090
"722","730",810660,2655097
"723","731",810660,2655126
"724","732",810660,3885717
"725","733",810675,2655210
"726","734",810675,810389
"727","735",810675,814134
"728","736",810675,814167
"729","737",810675,811805
"730","738",810675,812660
"731","739",810675,814524
"732","740",810675,812534
"733","741",810675,812511
"734","742",810680,810642
"735","743",810689,813764
"736","744",810703,813903
"737","745",810703,810621
"738","746",810703,810740
"739","747",810703,810765
"740","748",810703,812045
"741","749",810703,812696
"742","750",810703,813523
"743","751",810703,813623
"744","752",810707,810849
"745","753",810708,813792
"746","754",810708,814273
"747","755",810708,811906
"748","756",810715,810755
"749","757",810715,813013
"750","758",810721,810301
"751","759",810721,810419
"752","760",810721,814268
"753","761",810722,810722
"754","762",810735,814420
"755","763",810735,812396
"756","764",810735,811170
"757","765",810735,811274
"758","766",810738,812511
"759","767",810738,3885750
"760","768",810740,3885899
"761","769",810745,3885942
"762","770",810747,812667
"763","771",810747,811090
"764","772",810753,813455
"765","773",810771,810438
"766","774",810772,3885686
"767","775",810772,811166
"768","776",810776,814143
"769","777",810786,2655499
"770","778",810786,810689
"771","779",810786,811834
"772","780",810786,812082
"773","781",810786,812219
"774","782",810786,812783
"775","783",810786,814370
"776","784",810786,3885899
"777","785",810786,811109
"778","786",810786,811536
"779","787",810788,2655222
"780","788",810788,2655485
"781","789",810788,814399
"782","790",810788,3885750
"783","791",810788,813325
"784","792",810788,811108
"785","793",810789,811108
"786","794",810791,811401
"787","795",810792,811219
"788","796",810793,813325
"789","797",810799,813107
"790","798",810799,813475
"791","799",810804,810205
"792","800",810806,813903
"793","801",810806,813623
"794","802",810806,811090
"795","803",810807,811614
"796","804",810814,811178
"797","805",810815,813575
"798","806",810815,813602
"799","807",810819,810641
"800","808",810819,811090
"801","809",810822,811813
"802","810",810824,810341
"803","811",810824,812538
"804","812",810824,812939
"805","813",810824,813407
"806","814",810837,813652
"807","815",810837,813790
"808","816",810837,812232
"809","817",810838,810898
"810","818",810838,811864
"811","819",810838,812791
"812","820",810838,813502
"813","821",810849,810849
"814","822",810849,811778
"815","823",810849,812231
"816","824",810849,813315
"817","825",810850,2655418
"818","826",810850,811919
"819","827",810850,812891
"820","828",810857,813872
"821","829",810860,812215
"822","830",810860,812637
"823","831",810862,810518
"824","832",810862,810893
"825","833",810869,812783
"826","834",810876,2655405
"827","835",810876,810819
"828","836",810878,810399
"829","837",810878,812845
"830","838",810888,813889
"831","839",810888,2655090
"832","840",810888,814131
"833","841",810888,811611
"834","842",810888,812045
"835","843",810888,812427
"836","844",810888,812854
"837","845",810888,813510
"838","846",810889,2655401
"839","847",810889,812069
"840","848",810889,812431
"841","849",810896,811038
"842","850",810898,813868
"843","851",810898,810660
"844","852",810898,810898
"845","853",810898,812668
"846","854",810898,812939
"847","855",810898,811329
"848","856",810899,814081
"849","857",810899,812176
"850","858",810921,810921
"851","859",810942,810290
"852","860",810942,814167
"853","861",810942,811926
"854","862",810942,812662
"855","863",810942,812968
"856","864",810946,813872
"857","865",810948,810712
"858","866",810948,812260
"859","867",810948,813011
"860","868",810948,811177
"861","869",810950,810481
"862","870",810959,810389
"863","871",810964,810273
"864","872",810964,814315
"865","873",810964,811813
"866","874",810975,2655260
"867","875",810975,810293
"868","876",810975,810503
"869","877",810975,814026
"870","878",810975,813065
"871","879",810975,3885918
"872","880",810975,811178
"873","881",810978,813699
"874","882",810978,2655059
"875","883",810978,813325
"876","884",810987,811683
"877","885",811007,814052
"878","886",811008,2655319
"879","887",811008,812260
"880","888",811008,812891
"881","889",811020,813872
"882","890",811020,813903
"883","891",811020,2655179
"884","892",811020,810321
"885","893",811020,810660
"886","894",811020,814015
"887","895",811020,811751
"888","896",811020,812282
"889","897",811020,813119
"890","898",811020,3885801
"891","899",811020,813407
"892","900",811020,813623
"893","901",811020,811120
"894","902",811035,811934
"895","903",811036,813830
"896","904",811036,2655326
"897","905",811036,810304
"898","906",811036,810389
"899","907",811036,814131
"900","908",811036,814143
"901","909",811036,814233
"902","910",811036,811812
"903","911",811036,811908
"904","912",811036,812092
"905","913",811036,812260
"906","914",811036,812615
"907","915",811036,812521
"908","916",811036,812984
"909","917",811036,813379
"910","918",811036,813580
"911","919",811036,811215
"912","920",811036,811423
"913","921",811038,810736
"914","922",811038,3885918
"915","923",811038,813691
"916","924",811038,813760
"917","925",811038,813894
"918","926",811038,2655185
"919","927",811038,2654992
"920","928",811038,2655193
"921","929",811038,2655042
"922","930",811038,2655422
"923","931",811038,2655179
"924","932",811038,810196
"925","933",811038,810371
"926","934",811038,810675
"927","935",811038,810889
"928","936",811038,810950
"929","937",811038,814024
"930","938",811038,814182
"931","939",811038,814268
"932","940",811038,811954
"933","941",811038,812045
"934","942",811038,812176
"935","943",811038,812196
"936","944",811038,812237
"937","945",811038,812282
"938","946",811038,812660
"939","947",811038,812719
"940","948",811038,814355
"941","949",811038,814524
"942","950",811038,812534
"943","951",811038,812480
"944","952",811038,812870
"945","953",811038,813127
"946","954",811038,3885919
"947","955",811038,3885801
"948","956",811038,3885849
"949","957",811038,813636
"950","958",811038,811329
"951","959",811038,811355
"952","960",811038,811365
"953","961",811041,810740
"954","962",811041,811041
"955","963",814004,3885894
"956","964",814014,813889
"957","965",814015,2655405
"958","966",814015,811812
"959","967",814015,812396
"960","968",814015,813084
"961","969",814015,813575
"962","970",814015,811178
"963","971",814020,811038
"964","972",814020,812480
"965","973",814020,3885792
"966","974",814020,811180
"967","975",814023,814023
"968","976",814028,810824
"969","977",814028,813636
"970","978",814028,811090
"971","979",814029,2655185
"972","980",814029,810186
"973","981",814029,812736
"974","982",814029,814409
"975","983",814029,814549
"976","984",814029,812511
"977","985",814029,812929
"978","986",814029,813060
"979","987",814029,3885790
"980","988",814029,811320
"981","989",814054,814054
"982","990",814065,812541
"983","991",814069,811178
"984","992",814078,2655400
"985","993",814078,813636
"986","994",814093,813904
"987","995",814093,2655452
"988","996",814100,812660
"989","997",814103,813830
"990","998",814103,813889
"991","999",814116,811038
"992","1000",814116,812891
"993","1001",814116,813466
"994","1002",814117,810747
"995","1003",814117,814117
"996","1004",814123,811897
"997","1005",814123,813130
"998","1006",814124,810807
"999","1007",814125,812870
"1000","1008",814125,3885929
"1001","1009",814125,811540
"1002","1010",814126,2655485
"1003","1011",814126,810233
"1004","1012",814126,811329
"1005","1013",814131,2655141
"1006","1014",814131,810421
"1007","1015",814131,811178
"1008","1016",814132,2655235
"1009","1017",814132,812480
"1010","1018",814140,811036
"1011","1019",814143,811036
"1012","1020",814154,812377
"1013","1021",814159,3885792
"1014","1022",814166,2655433
"1015","1023",814166,2655457
"1016","1024",814166,810389
"1017","1025",814166,814235
"1018","1026",814166,811941
"1019","1027",814166,812180
"1020","1028",814166,814339
"1021","1029",814166,813090
"1022","1030",814166,3885859
"1023","1031",814166,813349
"1024","1032",814166,811329
"1025","1033",814167,812082
"1026","1034",814167,812753
"1027","1035",814167,812480
"1028","1036",814172,810449
"1029","1037",814172,812045
"1030","1038",814180,811007
"1031","1039",814180,812016
"1032","1040",814180,812426
"1033","1041",814180,812483
"1034","1042",814195,810389
"1035","1043",814195,810715
"1036","1044",814195,814083
"1037","1045",814195,811972
"1038","1046",814195,812339
"1039","1047",814195,812783
"1040","1048",814195,812427
"1041","1049",814195,813016
"1042","1050",814195,3885771
"1043","1051",814200,3885919
"1044","1052",814209,810637
"1045","1053",814219,2655041
"1046","1054",814219,814250
"1047","1055",814219,812237
"1048","1056",814219,812260
"1049","1057",814230,812045
"1050","1058",814233,813662
"1051","1059",814233,3885717
"1052","1060",814239,2654992
"1053","1061",814250,810419
"1054","1062",814250,810664
"1055","1063",814250,814081
"1056","1064",814250,814103
"1057","1065",814250,812045
"1058","1066",814250,811123
"1059","1067",814268,2655496
"1060","1068",814268,2655330
"1061","1069",814268,810362
"1062","1070",814268,811834
"1063","1071",814268,812016
"1064","1072",814268,812219
"1065","1073",814268,813305
"1066","1074",814270,811040
"1067","1075",814270,813475
"1068","1076",814270,811111
"1069","1077",814276,2655260
"1070","1078",814276,2655274
"1071","1079",814276,2655280
"1072","1080",814276,810301
"1073","1081",814277,2655141
"1074","1082",814277,2655280
"1075","1083",814282,810660
"1076","1084",814282,814282
"1077","1085",814282,811709
"1078","1086",814305,814135
"1079","1087",814313,2655260
"1080","1088",811589,812552
"1081","1089",811589,811438
"1082","1090",811589,811442
"1083","1091",811608,811775
"1084","1092",811610,813073
"1085","1093",811610,811349
"1086","1094",811611,813761
"1087","1095",811611,3885874
"1088","1096",811614,813792
"1089","1097",811614,813817
"1090","1098",811614,2654993
"1091","1099",811614,2655065
"1092","1100",811614,2655328
"1093","1101",811614,810273
"1094","1102",811614,813421
"1095","1103",811637,814552
"1096","1104",811637,812365
"1097","1105",811641,813793
"1098","1106",811641,2655229
"1099","1107",811641,2654979
"1100","1108",811641,2655100
"1101","1109",811641,2655326
"1102","1110",811641,810389
"1103","1111",811641,810876
"1104","1112",811641,814111
"1105","1113",811641,812045
"1106","1114",811641,812383
"1107","1115",811641,811404
"1108","1116",811683,2655325
"1109","1117",811683,810765
"1110","1118",811683,814349
"1111","1119",811683,3885844
"1112","1120",811683,811123
"1113","1121",811683,811519
"1114","1122",811701,811109
"1115","1123",811704,811704
"1116","1124",811721,811721
"1117","1125",811724,811109
"1118","1126",811733,813948
"1119","1127",811733,814015
"1120","1128",811733,814250
"1121","1129",811733,812226
"1122","1130",811733,3885792
"1123","1131",811755,813060
"1124","1132",811758,2654992
"1125","1133",811758,810301
"1126","1134",811758,810605
"1127","1135",811758,810789
"1128","1136",811758,812180
"1129","1137",811758,812438
"1130","1138",811758,811108
"1131","1139",811771,814015
"1132","1140",811772,2655362
"1133","1141",811772,810854
"1134","1142",811772,814490
"1135","1143",811775,3885844
"1136","1144",811779,810797
"1137","1145",811779,813455
"1138","1146",811782,813662
"1139","1147",811782,2655418
"1140","1148",811782,810370
"1141","1149",811782,810824
"1142","1150",811782,814015
"1143","1151",811782,814166
"1144","1152",811782,812984
"1145","1153",811782,3885896
"1146","1154",811782,811123
"1147","1155",811810,3885929
"1148","1156",811811,813631
"1149","1157",811812,811901
"1150","1158",811813,810621
"1151","1159",811813,812667
"1152","1160",811813,811090
"1153","1161",811815,811599
"1154","1162",811821,2655090
"1155","1163",811821,810237
"1156","1164",811821,813090
"1157","1165",811821,813631
"1158","1166",811821,811257
"1159","1167",811822,2654992
"1160","1168",811822,811090
"1161","1169",811823,3885894
"1162","1170",811839,814523
"1163","1171",811841,812891
"1164","1172",811843,811641
"1165","1173",811859,810514
"1166","1174",811862,810419
"1167","1175",811862,812656
"1168","1176",811862,811170
"1169","1177",811862,811171
"1170","1178",811862,811329
"1171","1179",811890,814530
"1172","1180",811897,2655179
"1173","1181",811897,812260
"1174","1182",811897,813325
"1175","1183",811897,811237
"1176","1184",811898,811751
"1177","1185",811898,812092
"1178","1186",811901,3885929
"1179","1187",811905,813662
"1180","1188",811905,2655362
"1181","1189",811905,2655363
"1182","1190",811905,2655328
"1183","1191",811905,810642
"1184","1192",811905,810740
"1185","1193",811905,811757
"1186","1194",811905,811975
"1187","1195",811905,812668
"1188","1196",811905,813575
"1189","1197",811906,811170
"1190","1198",811908,810617
"1191","1199",811908,814003
"1192","1200",811908,814127
"1193","1201",811908,812426
"1194","1202",811908,812831
"1195","1203",811911,813661
"1196","1204",811911,813903
"1197","1205",811911,2654996
"1198","1206",811911,811911
"1199","1207",811911,814375
"1200","1208",811911,812480
"1201","1209",811911,3885929
"1202","1210",811920,813575
"1203","1211",811925,813952
"1204","1212",811925,2654930
"1205","1213",811925,2655126
"1206","1214",811925,2655259
"1207","1215",811925,810273
"1208","1216",811925,814268
"1209","1217",811925,812774
"1210","1218",811941,811941
"1211","1219",811941,812719
"1212","1220",811941,813602
"1213","1221",811945,813780
"1214","1222",811950,812377
"1215","1223",811956,2655124
"1216","1224",811956,810196
"1217","1225",811956,810602
"1218","1226",811956,814166
"1219","1227",811956,811897
"1220","1228",811956,812185
"1221","1229",811989,812728
"1222","1230",811991,812783
"1223","1231",811996,813623
"1224","1232",812007,812859
"1225","1233",812013,2655326
"1226","1234",812019,813670
"1227","1235",812024,810389
"1228","1236",812024,810898
"1229","1237",812030,812030
"1230","1238",812032,810889
"1231","1239",812045,811329
"1232","1240",812046,812696
"1233","1241",812052,810389
"1234","1242",812060,814200
"1235","1243",812069,813903
"1236","1244",812069,2655185
"1237","1245",812069,2655415
"1238","1246",812069,810304
"1239","1247",812069,810389
"1240","1248",812069,810411
"1241","1249",812069,810740
"1242","1250",812069,810793
"1243","1251",812069,811609
"1244","1252",812069,811839
"1245","1253",812069,812762
"1246","1254",812069,812538
"1247","1255",812069,812521
"1248","1256",812069,813130
"1249","1257",812069,3885849
"1250","1258",812069,813374
"1251","1259",812069,811120
"1252","1260",812069,811401
"1253","1261",812075,813903
"1254","1262",812076,810183
"1255","1263",812077,2654946
"1256","1264",812077,2655457
"1257","1265",812077,810481
"1258","1266",812077,3885920
"1259","1267",812077,811519
"1260","1268",812081,813903
"1261","1269",812081,810183
"1262","1270",812081,810204
"1263","1271",812081,810273
"1264","1272",812081,810389
"1265","1273",812081,811036
"1266","1274",812081,814056
"1267","1275",812081,811724
"1268","1276",812081,811733
"1269","1277",812081,812069
"1270","1278",812081,812189
"1271","1279",812081,812260
"1272","1280",812081,812772
"1273","1281",812081,813127
"1274","1282",812081,811519
"1275","1283",812099,812068
"1276","1284",812109,3885849
"1277","1285",812111,811108
"1278","1286",812113,811907
"1279","1287",812113,813127
"1280","1288",812122,812569
"1281","1289",812162,813101
"1282","1290",812168,3885924
"1283","1291",812169,813877
"1284","1292",812169,813928
"1285","1293",812169,2654990
"1286","1294",812169,810399
"1287","1295",812169,810621
"1288","1296",812169,811775
"1289","1297",812169,813498
"1290","1298",812170,3885717
"1291","1299",812180,2655400
"1292","1300",812180,811123
"1293","1301",812190,812045
"1294","1302",812195,810649
"1295","1303",812195,814054
"1296","1304",812195,812541
"1297","1305",812196,810621
"1298","1306",812196,812541
"1299","1307",812196,811438
"1300","1308",812215,811926
"1301","1309",812218,812218
"1302","1310",812219,811401
"1303","1311",812226,2655045
"1304","1312",812226,811641
"1305","1313",812226,812656
"1306","1314",812229,814015
"1307","1315",812229,813623
"1308","1316",812231,2654992
"1309","1317",812231,810399
"1310","1318",812231,812511
"1311","1319",812231,811146
"1312","1320",812232,813523
"1313","1321",812234,813872
"1314","1322",812234,810793
"1315","1323",812234,812728
"1316","1324",812234,812529
"1317","1325",812234,3885899
"1318","1326",812234,813631
"1319","1327",812238,810328
"1320","1328",812238,9221852
"1321","1329",812255,814182
"1322","1330",812260,810197
"1323","1331",812260,812045
"1324","1332",812260,814552
"1325","1333",812260,3885840
"1326","1334",812260,813475
"1327","1335",812261,814054
"1328","1336",812261,3885859
"1329","1337",812282,2655065
"1330","1338",812282,812521
"1331","1339",812282,813127
"1332","1340",812282,3885920
"1333","1341",812282,3885798
"1334","1342",812289,811041
"1335","1343",812290,2655065
"1336","1344",812290,2655308
"1337","1345",812290,810304
"1338","1346",812290,811636
"1339","1347",812290,812282
"1340","1348",812290,812621
"1341","1349",812290,814370
"1342","1350",812290,812981
"1343","1351",812290,813501
"1344","1352",812290,813636
"1345","1353",812290,811464
"1346","1354",812306,814167
"1347","1355",812312,810417
"1348","1356",812312,811020
"1349","1357",812312,814204
"1350","1358",812312,814231
"1351","1359",812312,812660
"1352","1360",812312,3885849
"1353","1361",812312,813575
"1354","1362",812317,813858
"1355","1363",812317,810712
"1356","1364",812317,814010
"1357","1365",812317,811897
"1358","1366",812317,812195
"1359","1367",812317,812231
"1360","1368",812317,812709
"1361","1369",812317,814375
"1362","1370",812317,812881
"1363","1371",812339,811090
"1364","1372",812616,810236
"1365","1373",812616,812783
"1366","1374",812620,813903
"1367","1375",812620,810894
"1368","1376",812620,814045
"1369","1377",812620,814166
"1370","1378",812620,812045
"1371","1379",812620,813623
"1372","1380",812621,810389
"1373","1381",812621,814446
"1374","1382",812621,811329
"1375","1383",812622,810501
"1376","1384",812622,810950
"1377","1385",812622,811924
"1378","1386",812622,814373
"1379","1387",812622,812436
"1380","1388",812622,3885716
"1381","1389",812622,811376
"1382","1390",812635,810411
"1383","1391",812636,2655418
"1384","1392",812651,3885929
"1385","1393",812651,813575
"1386","1394",812660,2655125
"1387","1395",812660,810849
"1388","1396",812660,810944
"1389","1397",812660,812660
"1390","1398",812660,812426
"1391","1399",812660,3885717
"1392","1400",812662,2654992
"1393","1401",812662,812719
"1394","1402",812666,2655121
"1395","1403",812666,811975
"1396","1404",812666,812762
"1397","1405",812666,813087
"1398","1406",812668,810389
"1399","1407",812668,810401
"1400","1408",812668,810712
"1401","1409",812668,813989
"1402","1410",812668,811628
"1403","1411",812668,811926
"1404","1412",812668,812024
"1405","1413",812668,812339
"1406","1414",812668,814338
"1407","1415",812668,812375
"1408","1416",812668,812891
"1409","1417",812668,812877
"1410","1418",812668,812904
"1411","1419",812668,812939
"1412","1420",812668,813039
"1413","1421",812668,3885727
"1414","1422",812668,813328
"1415","1423",812668,813418
"1416","1424",812668,813466
"1417","1425",812674,810516
"1418","1426",812676,813903
"1419","1427",812676,811810
"1420","1428",812685,813998
"1421","1429",812698,813466
"1422","1430",812709,2655235
"1423","1431",812709,2655400
"1424","1432",812709,2655485
"1425","1433",812709,810660
"1426","1434",812709,3885929
"1427","1435",812709,3885722
"1428","1436",812709,813325
"1429","1437",812719,3885717
"1430","1438",812728,813789
"1431","1439",812728,2655390
"1432","1440",812728,810301
"1433","1441",812728,810876
"1434","1442",812728,812480
"1435","1443",812728,813636
"1436","1444",812728,811170
"1437","1445",812731,810860
"1438","1446",812734,810861
"1439","1447",812734,812196
"1440","1448",812734,811178
"1441","1449",812736,814131
"1442","1450",812736,811178
"1443","1451",812743,812082
"1444","1452",812743,811536
"1445","1453",812752,2655222
"1446","1454",812752,2655229
"1447","1455",812752,2655375
"1448","1456",812752,814233
"1449","1457",812752,3885722
"1450","1458",812753,810715
"1451","1459",812753,812377
"1452","1460",812753,811495
"1453","1461",812762,811751
"1454","1462",812762,812709
"1455","1463",812762,3885919
"1456","1464",812762,3885750
"1457","1465",812762,811411
"1458","1466",812772,813623
"1459","1467",812772,811090
"1460","1468",812791,813137
"1461","1469",812791,813325
"1462","1470",812791,811059
"1463","1471",812791,811109
"1464","1472",812791,811257
"1465","1473",814321,810927
"1466","1474",9221772,813127
"1467","1475",814339,2655240
"1468","1476",814339,810508
"1469","1477",814339,814254
"1470","1478",814339,814301
"1471","1479",814339,811876
"1472","1480",814339,812024
"1473","1481",814339,814511
"1474","1482",814339,812531
"1475","1483",814339,812891
"1476","1484",814339,3885792
"1477","1485",814342,813764
"1478","1486",814342,2655327
"1479","1487",814342,810642
"1480","1488",814342,811020
"1481","1489",814342,812260
"1482","1490",814342,812676
"1483","1491",814342,812891
"1484","1492",814342,3885844
"1485","1493",814342,813575
"1486","1494",814343,812045
"1487","1495",814349,813830
"1488","1496",814350,2654983
"1489","1497",814350,2655157
"1490","1498",814350,2655452
"1491","1499",814350,810277
"1492","1500",814350,810308
"1493","1501",814350,814195
"1494","1502",814350,811962
"1495","1503",814350,812660
"1496","1504",814350,812891
"1497","1505",814350,812939
"1498","1506",814350,812996
"1499","1507",814350,813094
"1500","1508",814350,813466
"1501","1509",814350,811397
"1502","1510",814352,811677
"1503","1511",814354,810293
"1504","1512",814354,810637
"1505","1513",814354,814245
"1506","1514",814373,2655186
"1507","1515",814373,810938
"1508","1516",814373,814131
"1509","1517",814373,814195
"1510","1518",814373,811091
"1511","1519",814375,813086
"1512","1520",814375,813636
"1513","1521",814379,813949
"1514","1522",814379,2655237
"1515","1523",814379,811020
"1516","1524",814379,813090
"1517","1525",814379,811170
"1518","1526",814380,2655235
"1519","1527",814380,810273
"1520","1528",814380,810708
"1521","1529",814380,810715
"1522","1530",814380,810722
"1523","1531",814380,814000
"1524","1532",814380,814417
"1525","1533",814386,812678
"1526","1534",814393,813623
"1527","1535",814394,810419
"1528","1536",814394,812016
"1529","1537",814394,813123
"1530","1538",814394,3885988
"1531","1539",814394,811170
"1532","1540",814395,810715
"1533","1541",814398,2655399
"1534","1542",814398,3885866
"1535","1543",814399,2655260
"1536","1544",814399,810984
"1537","1545",814401,813659
"1538","1546",814403,810197
"1539","1547",814403,814283
"1540","1548",814403,811765
"1541","1549",814403,812043
"1542","1550",814403,814349
"1543","1551",814403,813016
"1544","1552",814403,813418
"1545","1553",814403,813575
"1546","1554",814403,811564
"1547","1555",814405,811942
"1548","1556",814409,813684
"1549","1557",814409,2655130
"1550","1558",814409,810680
"1551","1559",814409,814307
"1552","1560",814412,813760
"1553","1561",814412,811090
"1554","1562",814419,813760
"1555","1563",814419,810771
"1556","1564",814424,810499
"1557","1565",814439,813315
"1558","1566",814443,812362
"1559","1567",814479,813575
"1560","1568",814487,813764
"1561","1569",814487,813875
"1562","1570",814487,2655097
"1563","1571",814487,810389
"1564","1572",814487,810633
"1565","1573",814487,814051
"1566","1574",814487,814277
"1567","1575",814487,811661
"1568","1576",814487,811751
"1569","1577",814487,812260
"1570","1578",814487,812873
"1571","1579",814487,813083
"1572","1580",814487,3885801
"1573","1581",814487,813636
"1574","1582",814487,811123
"1575","1583",814490,2655145
"1576","1584",814496,810502
"1577","1585",814509,810896
"1578","1586",814509,811499
"1579","1587",814510,813889
"1580","1588",814510,814050
"1581","1589",814524,3885833
"1582","1590",814525,2655235
"1583","1591",814525,2655229
"1584","1592",814525,812558
"1585","1593",814525,813624
"1586","1594",814531,811991
"1587","1595",814531,812176
"1588","1596",814531,3885750
"1589","1597",814532,2655400
"1590","1598",814549,811401
"1591","1599",814552,810301
"1592","1600",814552,813636
"1593","1601",812531,813889
"1594","1602",812531,813903
"1595","1603",812531,2655157
"1596","1604",812531,810501
"1597","1605",812531,810660
"1598","1606",812531,810675
"1599","1607",812531,810789
"1600","1608",812531,810898
"1601","1609",812531,812556
"1602","1610",812531,812480
"1603","1611",812531,3885717
"1604","1612",812531,813497
"1605","1613",812529,810838
"1606","1614",812529,3885877
"1607","1615",812529,3885716
"1608","1616",812529,3885792
"1609","1617",812529,811300
"1610","1618",812527,813912
"1611","1619",812527,810370
"1612","1620",812527,810480
"1613","1621",812527,814172
"1614","1622",812527,812077
"1615","1623",812527,812622
"1616","1624",812527,3885918
"1617","1625",812527,813576
"1618","1626",812527,811215
"1619","1627",812527,811254
"1620","1628",812590,2655235
"1621","1629",812590,810691
"1622","1630",812590,810824
"1623","1631",812590,811020
"1624","1632",812590,812282
"1625","1633",812450,811669
"1626","1634",812450,813130
"1627","1635",812451,811926
"1628","1636",812449,2655185
"1629","1637",812449,810502
"1630","1638",812449,811991
"1631","1639",812449,812260
"1632","1640",812449,812668
"1633","1641",812426,813674
"1634","1642",812426,2655258
"1635","1643",812426,810301
"1636","1644",812426,811841
"1637","1645",812414,810607
"1638","1646",812414,814079
"1639","1647",812414,812025
"1640","1648",812414,812282
"1641","1649",812414,812312
"1642","1650",812414,812709
"1643","1651",812414,811318
"1644","1652",812408,811041
"1645","1653",812391,2655408
"1646","1654",812391,810273
"1647","1655",812391,810616
"1648","1656",812391,812854
"1649","1657",812363,3885894
"1650","1658",812364,810614
"1651","1659",812364,814195
"1652","1660",812364,812196
"1653","1661",812364,814486
"1654","1662",812364,814490
"1655","1663",812364,811215
"1656","1664",812364,811393
"1657","1665",812362,810815
"1658","1666",812362,812783
"1659","1667",812383,810389
"1660","1668",812381,2655418
"1661","1669",812381,811123
"1662","1670",812377,810824
"1663","1671",812377,814398
"1664","1672",812377,813575
"1665","1673",812375,813830
"1666","1674",812375,810196
"1667","1675",812375,810637
"1668","1676",812375,811041
"1669","1677",812375,812460
"1670","1678",812375,811178
"1671","1679",812570,813652
"1672","1680",812570,813809
"1673","1681",812570,813903
"1674","1682",812570,813931
"1675","1683",812570,813952
"1676","1684",812570,2654930
"1677","1685",812570,2655248
"1678","1686",812570,2655411
"1679","1687",812570,810242
"1680","1688",812570,811782
"1681","1689",812570,811810
"1682","1690",812570,812660
"1683","1691",812570,812590
"1684","1692",812570,812396
"1685","1693",812570,812480
"1686","1694",812570,813013
"1687","1695",812570,3885805
"1688","1696",812575,3885910
"1689","1697",812569,2655309
"1690","1698",812569,810740
"1691","1699",812569,814195
"1692","1700",812569,812092
"1693","1701",812569,812753
"1694","1702",812569,811178
"1695","1703",812556,811041
"1696","1704",812556,811614
"1697","1705",812556,812556
"1698","1706",812545,813497
"1699","1707",9221802,811090
"1700","1708",812541,810273
"1701","1709",812503,813418
"1702","1710",9221806,810389
"1703","1711",812483,2654979
"1704","1712",812483,3885716
"1705","1713",812480,811611
"1706","1714",812480,3885929
"1707","1715",812480,3885899
"1708","1716",812467,2655152
"1709","1717",812467,2655179
"1710","1718",812467,810712
"1711","1719",812467,811628
"1712","1720",812467,812784
"1713","1721",812467,3885914
"1714","1722",812456,2655144
"1715","1723",812452,813060
"1716","1724",812434,2654983
"1717","1725",812434,2655499
"1718","1726",812434,814165
"1719","1727",812434,812260
"1720","1728",812434,814426
"1721","1729",812434,813127
"1722","1730",812434,3885844
"1723","1731",812434,3885723
"1724","1732",812434,813397
"1725","1733",812434,811401
"1726","1734",812436,813764
"1727","1735",812427,812069
"1728","1736",812427,814373
"1729","1737",812427,3885844
"1730","1738",812427,3885723
"1731","1739",812891,813670
"1732","1740",812891,2654952
"1733","1741",812891,2654993
"1734","1742",812891,810301
"1735","1743",812891,811598
"1736","1744",812891,811897
"1737","1745",812891,811908
"1738","1746",812891,812180
"1739","1747",812891,813315
"1740","1748",812891,811254
"1741","1749",812891,811329
"1742","1750",812874,813748
"1743","1751",812874,2655381
"1744","1752",812874,810531
"1745","1753",812874,814131
"1746","1754",812874,814167
"1747","1755",812874,812260
"1748","1756",812874,812748
"1749","1757",812874,814342
"1750","1758",812874,812891
"1751","1759",812874,813060
"1752","1760",812844,2655222
"1753","1761",812844,2655485
"1754","1762",812844,3885844
"1755","1763",812844,813325
"1756","1764",812928,812427
"1757","1765",812926,2655126
"1758","1766",812922,811090
"1759","1767",812922,811329
"1760","1768",812921,813792
"1761","1769",812921,811170
"1762","1770",812921,811349
"1763","1771",812929,810637
"1764","1772",9221852,2654955
"1765","1773",812881,810329
"1766","1774",812881,810399
"1767","1775",812881,813623
"1768","1776",812876,813602
"1769","1777",812873,810889
"1770","1778",812868,814036
"1771","1779",812854,813872
"1772","1780",812854,2655418
"1773","1781",812854,2655115
"1774","1782",812854,812213
"1775","1783",812854,813575
"1776","1784",812854,811170
"1777","1785",812856,810649
"1778","1786",812851,811652
"1779","1787",812851,811834
"1780","1788",812851,812140
"1781","1789",812851,3885792
"1782","1790",812851,811178
"1783","1791",812851,811521
"1784","1792",812838,813060
"1785","1793",812835,810389
"1786","1794",812835,814200
"1787","1795",812835,812483
"1788","1796",812835,813107
"1789","1797",812835,811120
"1790","1798",812939,810607
"1791","1799",812939,814283
"1792","1800",812939,813127
"1793","1801",812939,811329
"1794","1802",812939,811365
"1795","1803",812935,2654952
"1796","1804",812934,813575
"1797","1805",812934,813631
"1798","1806",812947,814419
"1799","1807",812950,813895
"1800","1808",812964,813945
"1801","1809",812964,2655447
"1802","1810",812964,2655325
"1803","1811",812964,810273
"1804","1812",812964,810722
"1805","1813",812964,814069
"1806","1814",812964,814277
"1807","1815",812964,814417
"1808","1816",812964,812489
"1809","1817",812964,3885899
"1810","1818",812964,3885859
"1811","1819",812964,811218
"1812","1820",812964,811329
"1813","1821",812964,811438
"1814","1822",812968,812511
"1815","1823",812971,810689
"1816","1824",812982,2655418
"1817","1825",812982,812180
"1818","1826",812983,812590
"1819","1827",812984,810722
"1820","1828",812988,3885750
"1821","1829",812988,813623
"1822","1830",812992,810988
"1823","1831",812992,811778
"1824","1832",812992,812069
"1825","1833",812992,812728
"1826","1834",812992,812387
"1827","1835",812992,3885866
"1828","1836",812994,813810
"1829","1837",812996,3885918
"1830","1838",812998,811036
"1831","1839",812998,813465
"1832","1840",813013,812025
"1833","1841",813013,813466
"1834","1842",813019,810419
"1835","1843",813021,3885840
"1836","1844",813025,2655434
"1837","1845",813025,2655145
"1838","1846",813025,810793
"1839","1847",813025,812272
"1840","1848",813025,812728
"1841","1849",813025,812456
"1842","1850",813025,813631
"1843","1851",813025,811402
"1844","1852",813036,812783
"1845","1853",813054,3885792
"1846","1854",813065,813889
"1847","1855",813065,812538
"1848","1856",813081,810942
"1849","1857",813081,812068
"1850","1858",813081,812282
"1851","1859",813081,812436
"1852","1860",813081,812845
"1853","1861",813081,813129
"1854","1862",813082,813127
"1855","1863",813083,813889
"1856","1864",813083,812511
"1857","1865",813083,811329
"1858","1866",813084,811036
"1859","1867",813085,813690
"1860","1868",813085,2655371
"1861","1869",813085,2655121
"1862","1870",813085,810708
"1863","1871",813085,810715
"1864","1872",813085,811810
"1865","1873",813085,812007
"1866","1874",813085,812762
"1867","1875",813085,813080
"1868","1876",813085,813314
"1869","1877",813085,813575
"1870","1878",813085,811349
"1871","1879",813086,814050
"1872","1880",813086,814375
"1873","1881",813090,810301
"1874","1882",813090,812529
"1875","1883",813107,2655152
"1876","1884",813107,810637
"1877","1885",813107,810772
"1878","1886",813107,814223
"1879","1887",813107,813575
"1880","1888",813107,811376
"1881","1889",813110,814370
"1882","1890",813116,813602
"1883","1891",812822,812558
"1884","1892",812822,3885958
"1885","1893",812822,3885792
"1886","1894",812822,811329
"1887","1895",813127,813760
"1888","1896",813127,2654946
"1889","1897",813127,2655222
"1890","1898",813127,2655400
"1891","1899",813127,2655092
"1892","1900",813127,810389
"1893","1901",813127,810689
"1894","1902",813127,810849
"1895","1903",813127,814023
"1896","1904",813127,812218
"1897","1905",813127,814409
"1898","1906",813127,812511
"1899","1907",813127,813060
"1900","1908",813127,3885792
"1901","1909",813127,3885918
"1902","1910",813127,811432
"1903","1911",813129,813016
"1904","1912",813130,2655016
"1905","1913",813130,2654979
"1906","1914",813130,2655130
"1907","1915",813130,814051
"1908","1916",813130,812620
"1909","1917",813130,812728
"1910","1918",813130,813126
"1911","1919",813130,813129
"1912","1920",813130,3885792
"1913","1921",813130,3885859
"1914","1922",813130,813575
"1915","1923",3885737,2655485
"1916","1924",3885737,811613
"1917","1925",3885964,810602
"1918","1926",3885964,813631
"1919","1927",3885786,2655485
"1920","1928",3885786,810889
"1921","1929",3885786,814167
"1922","1930",3885786,3885918
"1923","1931",3885790,2655229
"1924","1932",3885790,810389
"1925","1933",3885790,810637
"1926","1934",3885790,811759
"1927","1935",3885790,3885866
"1928","1936",3885840,2655179
"1929","1937",3885840,810341
"1930","1938",3885840,810754
"1931","1939",3885840,814395
"1932","1940",3885840,812450
"1933","1941",3885840,812427
"1934","1942",3885840,811361
"1935","1943",3885844,2655235
"1936","1944",3885844,2655485
"1937","1945",3885844,810352
"1938","1946",3885844,810437
"1939","1947",3885844,810712
"1940","1948",3885844,812214
"1941","1949",3885844,814534
"1942","1950",3885844,3885844
"1943","1951",3885844,3885929
"1944","1952",3885844,813631
"1945","1953",3885706,812082
"1946","1954",3885706,811178
"1947","1955",3885780,2655330
"1948","1956",3885780,2655336
"1949","1957",3885780,810712
"1950","1958",3885780,811628
"1951","1959",3885780,812531
"1952","1960",3885780,812391
"1953","1961",3885780,813455
"1954","1962",3885882,2655336
"1955","1963",3885882,810535
"1956","1964",3885882,812391
"1957","1965",3885908,810389
"1958","1966",3885908,811035
"1959","1967",3885908,811834
"1960","1968",3885933,812409
"1961","1969",3885933,812928
"1962","1970",3885933,3885899
"1963","1971",3885933,811536
"1964","1972",3885877,2655085
"1965","1973",3885877,2655363
"1966","1974",3885877,2655116
"1967","1975",3885877,810667
"1968","1976",3885877,810944
"1969","1977",3885877,814134
"1970","1978",3885877,811874
"1971","1979",3885877,812444
"1972","1980",3885877,3885877
"1973","1981",3885877,3885750
"1974","1982",3885877,811079
"1975","1983",3885877,811329
"1976","1984",3885919,812092
"1977","1985",3885920,812282
"1978","1986",3885920,812425
"1979","1987",3885920,811109
"1980","1988",3885925,812025
"1981","1989",3885926,811941
"1982","1990",3885929,2655400
"1983","1991",3885929,2655485
"1984","1992",3885929,812480
"1985","1993",3885929,3885844
"1986","1994",3885929,811329
"1987","1995",3885930,2655116
"1988","1996",3885930,810657
"1989","1997",3885930,810964
"1990","1998",3885930,810978
"1991","1999",3885930,814230
"1992","2000",3885930,813328
"1993","2001",3885777,811007
"1994","2002",3885777,811560
"1995","2003",3885758,812127
"1996","2004",3885716,813315
"1997","2005",3885717,813680
"1998","2006",3885717,2655049
"1999","2007",3885717,2655418
"2000","2008",3885717,2655498
"2001","2009",3885717,810502
"2002","2010",3885717,810839
"2003","2011",3885717,810946
"2004","2012",3885717,812036
"2005","2013",3885717,812887
"2006","2014",3885717,812870
"2007","2015",3885719,811839
"2008","2016",3885805,811111
"2009","2017",3885866,813889
"2010","2018",3885866,812988
"2011","2019",3885866,3885866
"2012","2020",3885896,2654993
"2013","2021",3885896,810874
"2014","2022",3885896,812490
"2015","2023",3885896,3885866
"2016","2024",3885792,2655153
"2017","2025",3885792,812521
"2018","2026",3885792,811178
"2019","2027",3885798,812282
"2020","2028",3885798,811109
"2021","2029",3885801,3885801
"2022","2030",3885802,813623
"2023","2031",3885848,813671
"2024","2032",3885848,2655065
"2025","2033",3885849,813701
"2026","2034",3885942,2655452
"2027","2035",3885942,810669
"2028","2036",3885942,811669
"2029","2037",3885968,812891
"2030","2038",3885969,811495
"2031","2039",3885894,3885894
"2032","2040",3885894,813624
"2033","2041",3885894,811560
"2034","2042",3885858,811079
"2035","2043",3885859,810341
"2036","2044",3885859,3885859
"2037","2045",3885861,810389
"2038","2046",3885861,811823
"2039","2047",3885861,812138
"2040","2048",3885861,812637
"2041","2049",3885912,811123
"2042","2050",3885918,814015
"2043","2051",3885918,3885918
"2044","2052",3885918,813623
"2045","2053",3885686,814131
"2046","2054",3885686,812630
"2047","2055",3885686,9221799
"2048","2056",3885686,812427
"2049","2057",3885686,813333
"2050","2058",3885761,2655229
"2051","2059",3885761,810183
"2052","2060",3885761,812480
"2053","2061",3885761,3885715
"2054","2062",3885761,3885792
"2055","2063",3885693,810789
"2056","2064",3885722,2655186
"2057","2065",3885722,2655485
"2058","2066",3885722,810788
"2059","2067",3885722,814110
"2060","2068",3885722,3885929
"2061","2069",3885722,3885750
"2062","2070",3885722,3885768
"2063","2071",3885722,813325
"2064","2072",3885723,2655130
"2065","2073",3885723,810505
"2066","2074",3885723,810765
"2067","2075",3885723,810824
"2068","2076",3885723,812045
"2069","2077",3885723,814417
"2070","2078",3885723,812450
"2071","2079",3885723,812391
"2072","2080",3885723,3885866
"2073","2081",3885723,813315
"2074","2082",3885723,811123
"2075","2083",3885728,810197
"2076","2084",3885732,812214
"2077","2085",3885750,812538
"2078","2086",3885752,813602
"2079","2087",3885768,2655400
"2080","2088",3885768,813325
"2081","2089",3885829,813623
"2082","2090",813311,3885894
"2083","2091",813312,813312
"2084","2092",813316,810296
"2085","2093",813316,811748
"2086","2094",813316,811329
"2087","2095",813318,810950
"2088","2096",813320,810411
"2089","2097",813325,2654990
"2090","2098",813325,2655222
"2091","2099",813325,2655400
"2092","2100",813325,2655485
"2093","2101",813325,2655260
"2094","2102",813325,4794196
"2095","2103",813325,810233
"2096","2104",813325,810380
"2097","2105",813325,810788
"2098","2106",813325,814166
"2099","2107",813325,812255
"2100","2108",813325,812844
"2101","2109",813325,3885929
"2102","2110",813325,3885722
"2103","2111",813325,3885723
"2104","2112",813325,3885750
"2105","2113",813325,813325
"2106","2114",813325,813511
"2107","2115",813325,811123
"2108","2116",813328,2655485
"2109","2117",813328,812129
"2110","2118",813328,812365
"2111","2119",813328,3885849
"2112","2120",813328,811536
"2113","2121",813330,2655250
"2114","2122",813330,810789
"2115","2123",813330,814014
"2116","2124",813330,811599
"2117","2125",813330,812019
"2118","2126",813330,812309
"2119","2127",813330,812511
"2120","2128",813330,813575
"2121","2129",813333,2655280
"2122","2130",813333,813575
"2123","2131",813333,811319
"2124","2132",813338,2655152
"2125","2133",813338,813013
"2126","2134",813338,813086
"2127","2135",813349,3885929
"2128","2136",813350,2655281
"2129","2137",813350,812219
"2130","2138",813350,811257
"2131","2139",813351,813904
"2132","2140",813354,811329
"2133","2141",813374,2654992
"2134","2142",813374,2655042
"2135","2143",813374,3885918
"2136","2144",813379,810389
"2137","2145",813379,810393
"2138","2146",813379,812541
"2139","2147",813379,812513
"2140","2148",813398,813095
"2141","2149",813444,813444
"2142","2150",813446,813764
"2143","2151",813455,813945
"2144","2152",813455,811778
"2145","2153",813455,812025
"2146","2154",813455,812195
"2147","2155",813455,813455
"2148","2156",813455,811111
"2149","2157",813466,2654993
"2150","2158",813466,2655381
"2151","2159",813466,2655065
"2152","2160",813466,2655496
"2153","2161",813466,810313
"2154","2162",813466,810649
"2155","2163",813466,810789
"2156","2164",813466,814160
"2157","2165",813466,811926
"2158","2166",813466,811972
"2159","2167",813466,814549
"2160","2168",813466,814552
"2161","2169",813466,812480
"2162","2170",813466,813080
"2163","2171",813466,3885918
"2164","2172",813466,813466
"2165","2173",813466,811211
"2166","2174",813466,811438
"2167","2175",813474,2655185
"2168","2176",813475,813659
"2169","2177",813475,813945
"2170","2178",813475,2655100
"2171","2179",813475,2655179
"2172","2180",813475,2655452
"2173","2181",813475,810411
"2174","2182",813475,810453
"2175","2183",813475,810712
"2176","2184",813475,812151
"2177","2185",813475,812231
"2178","2186",813475,812308
"2179","2187",813475,814487
"2180","2188",813475,811123
"2181","2189",813475,811519
"2182","2190",813482,2655446
"2183","2191",813495,810231
"2184","2192",813495,811705
"2185","2193",813495,812213
"2186","2194",813495,811237
"2187","2195",813495,811437
"2188","2196",813498,813498
"2189","2197",813501,811299
"2190","2198",813503,813623
"2191","2199",813510,2655485
"2192","2200",813510,811652
"2193","2201",813510,812929
"2194","2202",813510,3885929
"2195","2203",813510,3885750
"2196","2204",813520,814132
"2197","2205",813520,811298
"2198","2206",813543,811090
"2199","2207",813547,2655314
"2200","2208",813551,811775
"2201","2209",813555,2655211
"2202","2210",813569,2655418
"2203","2211",813569,2655446
"2204","2212",813569,810244
"2205","2213",813569,810449
"2206","2214",813569,810602
"2207","2215",813569,814238
"2208","2216",813569,814242
"2209","2217",813569,811683
"2210","2218",813569,811782
"2211","2219",813569,812362
"2212","2220",813569,812460
"2213","2221",813569,812891
"2214","2222",813569,812851
"2215","2223",813569,811329
"2216","2224",813575,813760
"2217","2225",813575,2655090
"2218","2226",813575,2655330
"2219","2227",813575,810389
"2220","2228",813575,810411
"2221","2229",813575,810715
"2222","2230",813575,810740
"2223","2231",813575,814015
"2224","2232",813575,814169
"2225","2233",813575,811834
"2226","2234",813575,811852
"2227","2235",813575,811926
"2228","2236",813575,812282
"2229","2237",813575,812696
"2230","2238",813575,812753
"2231","2239",813575,812531
"2232","2240",813575,812377
"2233","2241",813575,812489
"2234","2242",813575,812891
"2235","2243",813575,812968
"2236","2244",813575,813107
"2237","2245",813575,3885717
"2238","2246",813575,3885940
"2239","2247",813575,3885861
"2240","2248",813575,811114
"2241","2249",813575,811120
"2242","2250",813575,811123
"2243","2251",813575,811329
"2244","2252",813582,813889
"2245","2253",813602,2655065
"2246","2254",813602,2655486
"2247","2255",813602,810374
"2248","2256",813602,810499
"2249","2257",813602,810502
"2250","2258",813602,811906
"2251","2259",813602,812447
"2252","2260",813602,812511
"2253","2261",813602,812873
"2254","2262",813602,813431
"2255","2263",813602,813444
"2256","2264",813602,813497
"2257","2265",813602,813600
"2258","2266",813608,2655446
"2259","2267",813616,813623
"2260","2268",813624,2655060
"2261","2269",813624,810637
"2262","2270",813624,810894
"2263","2271",813624,812007
"2264","2272",813624,812069
"2265","2273",813624,812260
"2266","2274",813624,812356
"2267","2275",813624,812891
"2268","2276",813624,3885798
"2269","2277",813624,813575
"2270","2278",813636,810515
"2271","2279",813636,810715
"2272","2280",813636,812835
"2273","2281",813645,810370
"2274","2282",813645,810503
"2275","2283",813645,814250
"2276","2284",813645,812668
"2277","2285",813645,813455
"2278","2286",813645,813636
"2279","2287",813645,811349
"2280","2288",813645,811471
"2281","2289",811065,811438
"2282","2290",811068,2655062
"2283","2291",811079,2655065
"2284","2292",811079,810480
"2285","2293",811079,811941
"2286","2294",811079,814532
"2287","2295",811079,812569
"2288","2296",811079,813337
"2289","2297",811079,811178
"2290","2298",811079,811320
"2291","2299",811079,811348
"2292","2300",811080,2655485
"2293","2301",811080,812260
"2294","2302",811080,814370
"2295","2303",811080,812968
"2296","2304",811080,811329
"2297","2305",811084,811906
"2298","2306",811084,9221806
"2299","2307",811084,3885933
"2300","2308",811084,813466
"2301","2309",811084,811178
"2302","2310",811090,814412
"2303","2311",811090,811090
"2304","2312",811091,812056
"2305","2313",811095,810874
"2306","2314",811095,813060
"2307","2315",811108,2655222
"2308","2316",811108,2655485
"2309","2317",811108,811020
"2310","2318",811108,814132
"2311","2319",811108,3885929
"2312","2320",811108,813325
"2313","2321",811108,811108
"2314","2322",811109,813127
"2315","2323",811111,810602
"2316","2324",811111,811111
"2317","2325",811116,813760
"2318","2326",811116,810184
"2319","2327",811116,810296
"2320","2328",811116,812180
"2321","2329",811116,812511
"2322","2330",811116,3885899
"2323","2331",811116,813543
"2324","2332",811116,811178
"2325","2333",811116,811432
"2326","2334",811120,2655170
"2327","2335",811120,810508
"2328","2336",811123,2655485
"2329","2337",811123,3885929
"2330","2338",811123,3885723
"2331","2339",811123,811123
"2332","2340",811124,810389
"2333","2341",811124,810617
"2334","2342",811124,812431
"2335","2343",811124,812968
"2336","2344",811124,811379
"2337","2345",811131,810273
"2338","2346",811142,810273
"2339","2347",811142,814175
"2340","2348",811146,812231
"2341","2349",811159,813670
"2342","2350",811159,811610
"2343","2351",811159,3885936
"2344","2352",811159,3885866
"2345","2353",811159,813636
"2346","2354",811166,812328
"2347","2355",811168,2655499
"2348","2356",811170,810621
"2349","2357",811170,811733
"2350","2358",811170,811170
"2351","2359",811178,813872
"2352","2360",811178,2655260
"2353","2361",811178,810703
"2354","2362",811178,810861
"2355","2363",811178,810946
"2356","2364",811178,811687
"2357","2365",811178,811782
"2358","2366",811178,812753
"2359","2367",811178,812569
"2360","2368",811178,813602
"2361","2369",811180,812045
"2362","2370",811180,813623
"2363","2371",811193,2655418
"2364","2372",811193,810467
"2365","2373",811193,812200
"2366","2374",811193,811320
"2367","2375",811215,2655222
"2368","2376",811215,810389
"2369","2377",811215,814131
"2370","2378",811215,811812
"2371","2379",811215,811897
"2372","2380",811215,811954
"2373","2381",811215,812891
"2374","2382",811215,812968
"2375","2383",811215,811411
"2376","2384",811219,2655130
"2377","2385",811219,810605
"2378","2386",811219,812783
"2379","2387",811225,813739
"2380","2388",811239,812219
"2381","2389",811246,811972
"2382","2390",811262,2655235
"2383","2391",811269,812092
"2384","2392",811274,2655131
"2385","2393",811274,810221
"2386","2394",811274,810273
"2387","2395",811274,3885866
"2388","2396",811277,2654992
"2389","2397",811277,811815
"2390","2398",811277,814411
"2391","2399",811286,810637
"2392","2400",811293,810765
"2393","2401",811295,2655485
"2394","2402",811301,2655418
"2395","2403",811301,3885918
"2396","2404",811301,813631
"2397","2405",811310,811041
"2398","2406",811315,2655400
"2399","2407",811315,813478
"2400","2408",811319,2655173
"2401","2409",811319,811319
"2402","2410",811320,813872
"2403","2411",811321,2655451
"2404","2412",811321,2655452
"2405","2413",811326,814398
"2406","2414",811329,2655362
"2407","2415",811329,810389
"2408","2416",811329,810399
"2409","2417",811329,810518
"2410","2418",811329,810621
"2411","2419",811329,810740
"2412","2420",811329,810788
"2413","2421",811329,810927
"2414","2422",811329,811810
"2415","2423",811329,811934
"2416","2424",811329,812541
"2417","2425",811329,812511
"2418","2426",811329,9221852
"2419","2427",811329,813478
"2420","2428",811329,813501
"2421","2429",811329,811329
"2422","2430",811331,813866
"2423","2431",811331,2655485
"2424","2432",811331,812538
"2425","2433",811331,3885929
"2426","2434",811331,813623
"2427","2435",811331,811331
"2428","2436",811335,811454
"2429","2437",811348,813760
"2430","2438",811357,811926
"2431","2439",811358,812660
"2432","2440",811370,812375
"2433","2441",811372,810370
"2434","2442",811376,810616
"2435","2443",811376,813318
"2436","2444",811393,810789
"2437","2445",811393,814241
"2438","2446",811393,811839
"2439","2447",811393,812615
"2440","2448",811393,813544
"2441","2449",811393,811091
"2442","2450",811393,811170
"2443","2451",811393,811329
"2444","2452",811401,813903
"2445","2453",811401,2654930
"2446","2454",811401,2655036
"2447","2455",811401,2655173
"2448","2456",811401,2655336
"2449","2457",811401,810226
"2450","2458",811401,810481
"2451","2459",811401,810715
"2452","2460",811401,810983
"2453","2461",811401,814028
"2454","2462",811401,814032
"2455","2463",811401,811805
"2456","2464",811401,812219
"2457","2465",811401,812260
"2458","2466",811401,812964
"2459","2467",811419,810352
"2460","2468",811419,811871
"2461","2469",811419,812870
"2462","2470",811419,813319
"2463","2471",811419,811112
"2464","2472",811419,811178
"2465","2473",811423,812696
"2466","2474",811425,810301
"2467","2475",811425,810389
"2468","2476",811425,811704
"2469","2477",811425,812045
"2470","2478",811425,812541
"2471","2479",811425,812513
"2472","2480",811432,813080
"2473","2481",811435,2655100
"2474","2482",811437,813651
"2475","2483",811437,811437
"2476","2484",811438,812728
"2477","2485",811438,814370
"2478","2486",811438,811123
"2479","2487",811464,810502
"2480","2488",811472,813903
"2481","2489",811472,810588
"2482","2490",811476,2654992
"2483","2491",811476,2655303
"2484","2492",811476,812552
"2485","2493",811476,3885794
"2486","2494",811476,811401
"2487","2495",811485,812558
"2488","2496",811491,2655031
"2489","2497",811495,810233
"2490","2498",811495,811934
"2491","2499",811495,811331
"2492","2500",811519,2655400
"2493","2501",811519,813623
"2494","2502",811521,2655418
"2495","2503",811521,812851
"2496","2504",811525,2655235
"2497","2505",811525,3885792
"2498","2506",811530,2655160
"2499","2507",811530,810449
"2500","2508",811530,810807
"2501","2509",811530,810950
"2502","2510",811530,811040
"2503","2511",811530,814240
"2504","2512",811530,814267
"2505","2513",811530,811669
"2506","2514",811530,812016
"2507","2515",811530,812113
"2508","2516",811530,812260
"2509","2517",811530,814412
"2510","2518",811530,814417
"2511","2519",811530,813094
"2512","2520",811530,813577
"2513","2521",811530,811329
"2514","2522",811530,811377
"2515","2523",811534,810449
"2516","2524",811534,811926
"2517","2525",811534,813095
"2518","2526",811538,813829
"2519","2527",811538,813872
"2520","2528",811538,2655065
"2521","2529",811538,812043
"2522","2530",811551,810502
"2523","2531",811551,810703
"2524","2532",811551,814175
"2525","2533",811551,811926
"2526","2534",811551,812219
"2527","2535",811551,812728
"2528","2536",811554,810374
"2529","2537",811554,811926
"2530","2538",811554,813623
"2531","2539",811554,811438
"2532","2540",811556,812232
"2533","2541",810883,59286
"2534","2542",811723,810468
"2535","2543",810468,811723
"2536","2545",810468,856870
